key,type,relative_path,num_files,num_bytes
DATADIR,file,train.npy,1,192151239
DATADIR,file,validation.npy,1,8521136
DATADIR,dir,.,2,200672375
MODEL,file,context/nemo_tokenizer/special_tokens_map.json,1,414
MODEL,file,context/nemo_tokenizer/tokenizer.json,1,3619016
MODEL,file,context/nemo_tokenizer/tokenizer_config.json,1,976
MODEL,file,context/nemo_tokenizer/tokenizer.model,1,499723
MODEL,dir,context/nemo_tokenizer,4,4120129
MODEL,file,context/io.json,1,21687
MODEL,file,context/model.yaml,1,6249
MODEL,dir,context,6,4148065
MODEL,file,weights/metadata.json,1,113
MODEL,file,weights/module.decoder.layers.mlp.linear_fc2.weight/53.0.0,1,469762048
MODEL,file,weights/module.decoder.layers.mlp.linear_fc2.weight/12.0.0,1,469762048
MODEL,file,weights/module.decoder.layers.mlp.linear_fc2.weight/78.0.0,1,469762048
MODEL,file,weights/module.decoder.layers.mlp.linear_fc2.weight/39.0.0,1,469762048
MODEL,file,weights/module.decoder.layers.mlp.linear_fc2.weight/50.0.0,1,469762048
MODEL,file,weights/module.decoder.layers.mlp.linear_fc2.weight/29.0.0,1,469762048
MODEL,file,weights/module.decoder.layers.mlp.linear_fc2.weight/57.0.0,1,469762048
MODEL,file,weights/module.decoder.layers.mlp.linear_fc2.weight/46.0.0,1,469762048
MODEL,file,weights/module.decoder.layers.mlp.linear_fc2.weight/15.0.0,1,469762048
MODEL,file,weights/module.decoder.layers.mlp.linear_fc2.weight/72.0.0,1,469762048
MODEL,file,weights/module.decoder.layers.mlp.linear_fc2.weight/74.0.0,1,469762048
MODEL,file,weights/module.decoder.layers.mlp.linear_fc2.weight/16.0.0,1,469762048
MODEL,file,weights/module.decoder.layers.mlp.linear_fc2.weight/4.0.0,1,469762048
MODEL,file,weights/module.decoder.layers.mlp.linear_fc2.weight/58.0.0,1,469762048
MODEL,file,weights/module.decoder.layers.mlp.linear_fc2.weight/38.0.0,1,469762048
MODEL,file,weights/module.decoder.layers.mlp.linear_fc2.weight/71.0.0,1,469762048
MODEL,file,weights/module.decoder.layers.mlp.linear_fc2.weight/0.0.0,1,469762048
MODEL,file,weights/module.decoder.layers.mlp.linear_fc2.weight/6.0.0,1,469762048
MODEL,file,weights/module.decoder.layers.mlp.linear_fc2.weight/23.0.0,1,469762048
MODEL,file,weights/module.decoder.layers.mlp.linear_fc2.weight/18.0.0,1,469762048
MODEL,file,weights/module.decoder.layers.mlp.linear_fc2.weight/61.0.0,1,469762048
MODEL,file,weights/module.decoder.layers.mlp.linear_fc2.weight/27.0.0,1,469762048
MODEL,file,weights/module.decoder.layers.mlp.linear_fc2.weight/56.0.0,1,469762048
MODEL,file,weights/module.decoder.layers.mlp.linear_fc2.weight/45.0.0,1,469762048
MODEL,file,weights/module.decoder.layers.mlp.linear_fc2.weight/68.0.0,1,469762048
MODEL,file,weights/module.decoder.layers.mlp.linear_fc2.weight/31.0.0,1,469762048
MODEL,file,weights/module.decoder.layers.mlp.linear_fc2.weight/70.0.0,1,469762048
MODEL,file,weights/module.decoder.layers.mlp.linear_fc2.weight/60.0.0,1,469762048
MODEL,file,weights/module.decoder.layers.mlp.linear_fc2.weight/14.0.0,1,469762048
MODEL,file,weights/module.decoder.layers.mlp.linear_fc2.weight/48.0.0,1,469762048
MODEL,file,weights/module.decoder.layers.mlp.linear_fc2.weight/75.0.0,1,469762048
MODEL,file,weights/module.decoder.layers.mlp.linear_fc2.weight/47.0.0,1,469762048
MODEL,file,weights/module.decoder.layers.mlp.linear_fc2.weight/36.0.0,1,469762048
MODEL,file,weights/module.decoder.layers.mlp.linear_fc2.weight/65.0.0,1,469762048
MODEL,file,weights/module.decoder.layers.mlp.linear_fc2.weight/11.0.0,1,469762048
MODEL,file,weights/module.decoder.layers.mlp.linear_fc2.weight/62.0.0,1,469762048
MODEL,file,weights/module.decoder.layers.mlp.linear_fc2.weight/9.0.0,1,469762048
MODEL,file,weights/module.decoder.layers.mlp.linear_fc2.weight/20.0.0,1,469762048
MODEL,file,weights/module.decoder.layers.mlp.linear_fc2.weight/21.0.0,1,469762048
MODEL,file,weights/module.decoder.layers.mlp.linear_fc2.weight/13.0.0,1,469762048
MODEL,file,weights/module.decoder.layers.mlp.linear_fc2.weight/19.0.0,1,469762048
MODEL,file,weights/module.decoder.layers.mlp.linear_fc2.weight/73.0.0,1,469762048
MODEL,file,weights/module.decoder.layers.mlp.linear_fc2.weight/26.0.0,1,469762048
MODEL,file,weights/module.decoder.layers.mlp.linear_fc2.weight/28.0.0,1,469762048
MODEL,file,weights/module.decoder.layers.mlp.linear_fc2.weight/22.0.0,1,469762048
MODEL,file,weights/module.decoder.layers.mlp.linear_fc2.weight/5.0.0,1,469762048
MODEL,file,weights/module.decoder.layers.mlp.linear_fc2.weight/32.0.0,1,469762048
MODEL,file,weights/module.decoder.layers.mlp.linear_fc2.weight/69.0.0,1,469762048
MODEL,file,weights/module.decoder.layers.mlp.linear_fc2.weight/40.0.0,1,469762048
MODEL,file,weights/module.decoder.layers.mlp.linear_fc2.weight/33.0.0,1,469762048
MODEL,file,weights/module.decoder.layers.mlp.linear_fc2.weight/1.0.0,1,469762048
MODEL,file,weights/module.decoder.layers.mlp.linear_fc2.weight/77.0.0,1,469762048
MODEL,file,weights/module.decoder.layers.mlp.linear_fc2.weight/41.0.0,1,469762048
MODEL,file,weights/module.decoder.layers.mlp.linear_fc2.weight/2.0.0,1,469762048
MODEL,file,weights/module.decoder.layers.mlp.linear_fc2.weight/24.0.0,1,469762048
MODEL,file,weights/module.decoder.layers.mlp.linear_fc2.weight/17.0.0,1,469762048
MODEL,file,weights/module.decoder.layers.mlp.linear_fc2.weight/37.0.0,1,469762048
MODEL,file,weights/module.decoder.layers.mlp.linear_fc2.weight/51.0.0,1,469762048
MODEL,file,weights/module.decoder.layers.mlp.linear_fc2.weight/35.0.0,1,469762048
MODEL,file,weights/module.decoder.layers.mlp.linear_fc2.weight/79.0.0,1,469762048
MODEL,file,weights/module.decoder.layers.mlp.linear_fc2.weight/42.0.0,1,469762048
MODEL,file,weights/module.decoder.layers.mlp.linear_fc2.weight/30.0.0,1,469762048
MODEL,file,weights/module.decoder.layers.mlp.linear_fc2.weight/67.0.0,1,469762048
MODEL,file,weights/module.decoder.layers.mlp.linear_fc2.weight/52.0.0,1,469762048
MODEL,file,weights/module.decoder.layers.mlp.linear_fc2.weight/66.0.0,1,469762048
MODEL,file,weights/module.decoder.layers.mlp.linear_fc2.weight/43.0.0,1,469762048
MODEL,file,weights/module.decoder.layers.mlp.linear_fc2.weight/25.0.0,1,469762048
MODEL,file,weights/module.decoder.layers.mlp.linear_fc2.weight/63.0.0,1,469762048
MODEL,file,weights/module.decoder.layers.mlp.linear_fc2.weight/54.0.0,1,469762048
MODEL,file,weights/module.decoder.layers.mlp.linear_fc2.weight/10.0.0,1,469762048
MODEL,file,weights/module.decoder.layers.mlp.linear_fc2.weight/34.0.0,1,469762048
MODEL,file,weights/module.decoder.layers.mlp.linear_fc2.weight/44.0.0,1,469762048
MODEL,file,weights/module.decoder.layers.mlp.linear_fc2.weight/7.0.0,1,469762048
MODEL,file,weights/module.decoder.layers.mlp.linear_fc2.weight/3.0.0,1,469762048
MODEL,file,weights/module.decoder.layers.mlp.linear_fc2.weight/8.0.0,1,469762048
MODEL,file,weights/module.decoder.layers.mlp.linear_fc2.weight/59.0.0,1,469762048
MODEL,file,weights/module.decoder.layers.mlp.linear_fc2.weight/49.0.0,1,469762048
MODEL,file,weights/module.decoder.layers.mlp.linear_fc2.weight/55.0.0,1,469762048
MODEL,file,weights/module.decoder.layers.mlp.linear_fc2.weight/64.0.0,1,469762048
MODEL,file,weights/module.decoder.layers.mlp.linear_fc2.weight/76.0.0,1,469762048
MODEL,dir,weights/module.decoder.layers.mlp.linear_fc2.weight,80,37580963840
MODEL,file,weights/module.decoder.layers.mlp.linear_fc2._extra_state/shard_67_80.pt,1,1200
MODEL,file,weights/module.decoder.layers.mlp.linear_fc2._extra_state/shard_30_80.pt,1,1200
MODEL,file,weights/module.decoder.layers.mlp.linear_fc2._extra_state/shard_52_80.pt,1,1200
MODEL,file,weights/module.decoder.layers.mlp.linear_fc2._extra_state/shard_24_80.pt,1,1200
MODEL,file,weights/module.decoder.layers.mlp.linear_fc2._extra_state/shard_63_80.pt,1,1200
MODEL,file,weights/module.decoder.layers.mlp.linear_fc2._extra_state/shard_27_80.pt,1,1200
MODEL,file,weights/module.decoder.layers.mlp.linear_fc2._extra_state/shard_36_80.pt,1,1200
MODEL,file,weights/module.decoder.layers.mlp.linear_fc2._extra_state/shard_77_80.pt,1,1200
MODEL,file,weights/module.decoder.layers.mlp.linear_fc2._extra_state/shard_64_80.pt,1,1200
MODEL,file,weights/module.decoder.layers.mlp.linear_fc2._extra_state/shard_71_80.pt,1,1200
MODEL,file,weights/module.decoder.layers.mlp.linear_fc2._extra_state/shard_29_80.pt,1,1200
MODEL,file,weights/module.decoder.layers.mlp.linear_fc2._extra_state/shard_17_80.pt,1,1200
MODEL,file,weights/module.decoder.layers.mlp.linear_fc2._extra_state/shard_72_80.pt,1,1200
MODEL,file,weights/module.decoder.layers.mlp.linear_fc2._extra_state/shard_43_80.pt,1,1200
MODEL,file,weights/module.decoder.layers.mlp.linear_fc2._extra_state/shard_22_80.pt,1,1200
MODEL,file,weights/module.decoder.layers.mlp.linear_fc2._extra_state/shard_62_80.pt,1,1200
MODEL,file,weights/module.decoder.layers.mlp.linear_fc2._extra_state/shard_9_80.pt,1,1195
MODEL,file,weights/module.decoder.layers.mlp.linear_fc2._extra_state/shard_0_80.pt,1,1195
MODEL,file,weights/module.decoder.layers.mlp.linear_fc2._extra_state/shard_47_80.pt,1,1200
MODEL,file,weights/module.decoder.layers.mlp.linear_fc2._extra_state/shard_75_80.pt,1,1200
MODEL,file,weights/module.decoder.layers.mlp.linear_fc2._extra_state/shard_38_80.pt,1,1200
MODEL,file,weights/module.decoder.layers.mlp.linear_fc2._extra_state/shard_53_80.pt,1,1200
MODEL,file,weights/module.decoder.layers.mlp.linear_fc2._extra_state/shard_4_80.pt,1,1195
MODEL,file,weights/module.decoder.layers.mlp.linear_fc2._extra_state/shard_61_80.pt,1,1200
MODEL,file,weights/module.decoder.layers.mlp.linear_fc2._extra_state/shard_2_80.pt,1,1195
MODEL,file,weights/module.decoder.layers.mlp.linear_fc2._extra_state/shard_44_80.pt,1,1200
MODEL,file,weights/module.decoder.layers.mlp.linear_fc2._extra_state/shard_40_80.pt,1,1200
MODEL,file,weights/module.decoder.layers.mlp.linear_fc2._extra_state/shard_58_80.pt,1,1200
MODEL,file,weights/module.decoder.layers.mlp.linear_fc2._extra_state/shard_28_80.pt,1,1200
MODEL,file,weights/module.decoder.layers.mlp.linear_fc2._extra_state/shard_37_80.pt,1,1200
MODEL,file,weights/module.decoder.layers.mlp.linear_fc2._extra_state/shard_3_80.pt,1,1195
MODEL,file,weights/module.decoder.layers.mlp.linear_fc2._extra_state/shard_18_80.pt,1,1200
MODEL,file,weights/module.decoder.layers.mlp.linear_fc2._extra_state/shard_55_80.pt,1,1200
MODEL,file,weights/module.decoder.layers.mlp.linear_fc2._extra_state/shard_50_80.pt,1,1200
MODEL,file,weights/module.decoder.layers.mlp.linear_fc2._extra_state/shard_51_80.pt,1,1200
MODEL,file,weights/module.decoder.layers.mlp.linear_fc2._extra_state/shard_69_80.pt,1,1200
MODEL,file,weights/module.decoder.layers.mlp.linear_fc2._extra_state/shard_45_80.pt,1,1200
MODEL,file,weights/module.decoder.layers.mlp.linear_fc2._extra_state/shard_16_80.pt,1,1200
MODEL,file,weights/module.decoder.layers.mlp.linear_fc2._extra_state/shard_60_80.pt,1,1200
MODEL,file,weights/module.decoder.layers.mlp.linear_fc2._extra_state/shard_46_80.pt,1,1200
MODEL,file,weights/module.decoder.layers.mlp.linear_fc2._extra_state/shard_57_80.pt,1,1200
MODEL,file,weights/module.decoder.layers.mlp.linear_fc2._extra_state/shard_54_80.pt,1,1200
MODEL,file,weights/module.decoder.layers.mlp.linear_fc2._extra_state/shard_10_80.pt,1,1200
MODEL,file,weights/module.decoder.layers.mlp.linear_fc2._extra_state/shard_8_80.pt,1,1195
MODEL,file,weights/module.decoder.layers.mlp.linear_fc2._extra_state/shard_56_80.pt,1,1200
MODEL,file,weights/module.decoder.layers.mlp.linear_fc2._extra_state/shard_66_80.pt,1,1200
MODEL,file,weights/module.decoder.layers.mlp.linear_fc2._extra_state/shard_79_80.pt,1,1200
MODEL,file,weights/module.decoder.layers.mlp.linear_fc2._extra_state/shard_41_80.pt,1,1200
MODEL,file,weights/module.decoder.layers.mlp.linear_fc2._extra_state/shard_19_80.pt,1,1200
MODEL,file,weights/module.decoder.layers.mlp.linear_fc2._extra_state/shard_49_80.pt,1,1200
MODEL,file,weights/module.decoder.layers.mlp.linear_fc2._extra_state/shard_20_80.pt,1,1200
MODEL,file,weights/module.decoder.layers.mlp.linear_fc2._extra_state/shard_6_80.pt,1,1195
MODEL,file,weights/module.decoder.layers.mlp.linear_fc2._extra_state/shard_74_80.pt,1,1200
MODEL,file,weights/module.decoder.layers.mlp.linear_fc2._extra_state/shard_13_80.pt,1,1200
MODEL,file,weights/module.decoder.layers.mlp.linear_fc2._extra_state/shard_11_80.pt,1,1200
MODEL,file,weights/module.decoder.layers.mlp.linear_fc2._extra_state/shard_21_80.pt,1,1200
MODEL,file,weights/module.decoder.layers.mlp.linear_fc2._extra_state/shard_78_80.pt,1,1200
MODEL,file,weights/module.decoder.layers.mlp.linear_fc2._extra_state/shard_15_80.pt,1,1200
MODEL,file,weights/module.decoder.layers.mlp.linear_fc2._extra_state/shard_5_80.pt,1,1195
MODEL,file,weights/module.decoder.layers.mlp.linear_fc2._extra_state/shard_65_80.pt,1,1200
MODEL,file,weights/module.decoder.layers.mlp.linear_fc2._extra_state/shard_76_80.pt,1,1200
MODEL,file,weights/module.decoder.layers.mlp.linear_fc2._extra_state/shard_33_80.pt,1,1200
MODEL,file,weights/module.decoder.layers.mlp.linear_fc2._extra_state/shard_25_80.pt,1,1200
MODEL,file,weights/module.decoder.layers.mlp.linear_fc2._extra_state/shard_14_80.pt,1,1200
MODEL,file,weights/module.decoder.layers.mlp.linear_fc2._extra_state/shard_34_80.pt,1,1200
MODEL,file,weights/module.decoder.layers.mlp.linear_fc2._extra_state/shard_23_80.pt,1,1200
MODEL,file,weights/module.decoder.layers.mlp.linear_fc2._extra_state/shard_68_80.pt,1,1200
MODEL,file,weights/module.decoder.layers.mlp.linear_fc2._extra_state/shard_48_80.pt,1,1200
MODEL,file,weights/module.decoder.layers.mlp.linear_fc2._extra_state/shard_39_80.pt,1,1200
MODEL,file,weights/module.decoder.layers.mlp.linear_fc2._extra_state/shard_12_80.pt,1,1200
MODEL,file,weights/module.decoder.layers.mlp.linear_fc2._extra_state/shard_26_80.pt,1,1200
MODEL,file,weights/module.decoder.layers.mlp.linear_fc2._extra_state/shard_31_80.pt,1,1200
MODEL,file,weights/module.decoder.layers.mlp.linear_fc2._extra_state/shard_35_80.pt,1,1200
MODEL,file,weights/module.decoder.layers.mlp.linear_fc2._extra_state/shard_42_80.pt,1,1200
MODEL,file,weights/module.decoder.layers.mlp.linear_fc2._extra_state/shard_32_80.pt,1,1200
MODEL,file,weights/module.decoder.layers.mlp.linear_fc2._extra_state/shard_59_80.pt,1,1200
MODEL,file,weights/module.decoder.layers.mlp.linear_fc2._extra_state/shard_1_80.pt,1,1195
MODEL,file,weights/module.decoder.layers.mlp.linear_fc2._extra_state/shard_70_80.pt,1,1200
MODEL,file,weights/module.decoder.layers.mlp.linear_fc2._extra_state/shard_73_80.pt,1,1200
MODEL,file,weights/module.decoder.layers.mlp.linear_fc2._extra_state/shard_7_80.pt,1,1195
MODEL,dir,weights/module.decoder.layers.mlp.linear_fc2._extra_state,80,95950
MODEL,file,weights/module.decoder.layers.mlp.linear_fc1._extra_state/shard_67_80.pt,1,1200
MODEL,file,weights/module.decoder.layers.mlp.linear_fc1._extra_state/shard_30_80.pt,1,1200
MODEL,file,weights/module.decoder.layers.mlp.linear_fc1._extra_state/shard_52_80.pt,1,1200
MODEL,file,weights/module.decoder.layers.mlp.linear_fc1._extra_state/shard_24_80.pt,1,1200
MODEL,file,weights/module.decoder.layers.mlp.linear_fc1._extra_state/shard_63_80.pt,1,1200
MODEL,file,weights/module.decoder.layers.mlp.linear_fc1._extra_state/shard_27_80.pt,1,1200
MODEL,file,weights/module.decoder.layers.mlp.linear_fc1._extra_state/shard_36_80.pt,1,1200
MODEL,file,weights/module.decoder.layers.mlp.linear_fc1._extra_state/shard_77_80.pt,1,1200
MODEL,file,weights/module.decoder.layers.mlp.linear_fc1._extra_state/shard_64_80.pt,1,1200
MODEL,file,weights/module.decoder.layers.mlp.linear_fc1._extra_state/shard_71_80.pt,1,1200
MODEL,file,weights/module.decoder.layers.mlp.linear_fc1._extra_state/shard_29_80.pt,1,1200
MODEL,file,weights/module.decoder.layers.mlp.linear_fc1._extra_state/shard_17_80.pt,1,1200
MODEL,file,weights/module.decoder.layers.mlp.linear_fc1._extra_state/shard_72_80.pt,1,1200
MODEL,file,weights/module.decoder.layers.mlp.linear_fc1._extra_state/shard_43_80.pt,1,1200
MODEL,file,weights/module.decoder.layers.mlp.linear_fc1._extra_state/shard_22_80.pt,1,1200
MODEL,file,weights/module.decoder.layers.mlp.linear_fc1._extra_state/shard_62_80.pt,1,1200
MODEL,file,weights/module.decoder.layers.mlp.linear_fc1._extra_state/shard_9_80.pt,1,1195
MODEL,file,weights/module.decoder.layers.mlp.linear_fc1._extra_state/shard_0_80.pt,1,1195
MODEL,file,weights/module.decoder.layers.mlp.linear_fc1._extra_state/shard_47_80.pt,1,1200
MODEL,file,weights/module.decoder.layers.mlp.linear_fc1._extra_state/shard_75_80.pt,1,1200
MODEL,file,weights/module.decoder.layers.mlp.linear_fc1._extra_state/shard_38_80.pt,1,1200
MODEL,file,weights/module.decoder.layers.mlp.linear_fc1._extra_state/shard_53_80.pt,1,1200
MODEL,file,weights/module.decoder.layers.mlp.linear_fc1._extra_state/shard_4_80.pt,1,1195
MODEL,file,weights/module.decoder.layers.mlp.linear_fc1._extra_state/shard_61_80.pt,1,1200
MODEL,file,weights/module.decoder.layers.mlp.linear_fc1._extra_state/shard_2_80.pt,1,1195
MODEL,file,weights/module.decoder.layers.mlp.linear_fc1._extra_state/shard_44_80.pt,1,1200
MODEL,file,weights/module.decoder.layers.mlp.linear_fc1._extra_state/shard_40_80.pt,1,1200
MODEL,file,weights/module.decoder.layers.mlp.linear_fc1._extra_state/shard_58_80.pt,1,1200
MODEL,file,weights/module.decoder.layers.mlp.linear_fc1._extra_state/shard_28_80.pt,1,1200
MODEL,file,weights/module.decoder.layers.mlp.linear_fc1._extra_state/shard_37_80.pt,1,1200
MODEL,file,weights/module.decoder.layers.mlp.linear_fc1._extra_state/shard_3_80.pt,1,1195
MODEL,file,weights/module.decoder.layers.mlp.linear_fc1._extra_state/shard_18_80.pt,1,1200
MODEL,file,weights/module.decoder.layers.mlp.linear_fc1._extra_state/shard_55_80.pt,1,1200
MODEL,file,weights/module.decoder.layers.mlp.linear_fc1._extra_state/shard_50_80.pt,1,1200
MODEL,file,weights/module.decoder.layers.mlp.linear_fc1._extra_state/shard_51_80.pt,1,1200
MODEL,file,weights/module.decoder.layers.mlp.linear_fc1._extra_state/shard_69_80.pt,1,1200
MODEL,file,weights/module.decoder.layers.mlp.linear_fc1._extra_state/shard_45_80.pt,1,1200
MODEL,file,weights/module.decoder.layers.mlp.linear_fc1._extra_state/shard_16_80.pt,1,1200
MODEL,file,weights/module.decoder.layers.mlp.linear_fc1._extra_state/shard_60_80.pt,1,1200
MODEL,file,weights/module.decoder.layers.mlp.linear_fc1._extra_state/shard_46_80.pt,1,1200
MODEL,file,weights/module.decoder.layers.mlp.linear_fc1._extra_state/shard_57_80.pt,1,1200
MODEL,file,weights/module.decoder.layers.mlp.linear_fc1._extra_state/shard_54_80.pt,1,1200
MODEL,file,weights/module.decoder.layers.mlp.linear_fc1._extra_state/shard_10_80.pt,1,1200
MODEL,file,weights/module.decoder.layers.mlp.linear_fc1._extra_state/shard_8_80.pt,1,1195
MODEL,file,weights/module.decoder.layers.mlp.linear_fc1._extra_state/shard_56_80.pt,1,1200
MODEL,file,weights/module.decoder.layers.mlp.linear_fc1._extra_state/shard_66_80.pt,1,1200
MODEL,file,weights/module.decoder.layers.mlp.linear_fc1._extra_state/shard_79_80.pt,1,1200
MODEL,file,weights/module.decoder.layers.mlp.linear_fc1._extra_state/shard_41_80.pt,1,1200
MODEL,file,weights/module.decoder.layers.mlp.linear_fc1._extra_state/shard_19_80.pt,1,1200
MODEL,file,weights/module.decoder.layers.mlp.linear_fc1._extra_state/shard_49_80.pt,1,1200
MODEL,file,weights/module.decoder.layers.mlp.linear_fc1._extra_state/shard_20_80.pt,1,1200
MODEL,file,weights/module.decoder.layers.mlp.linear_fc1._extra_state/shard_6_80.pt,1,1195
MODEL,file,weights/module.decoder.layers.mlp.linear_fc1._extra_state/shard_74_80.pt,1,1200
MODEL,file,weights/module.decoder.layers.mlp.linear_fc1._extra_state/shard_13_80.pt,1,1200
MODEL,file,weights/module.decoder.layers.mlp.linear_fc1._extra_state/shard_11_80.pt,1,1200
MODEL,file,weights/module.decoder.layers.mlp.linear_fc1._extra_state/shard_21_80.pt,1,1200
MODEL,file,weights/module.decoder.layers.mlp.linear_fc1._extra_state/shard_78_80.pt,1,1200
MODEL,file,weights/module.decoder.layers.mlp.linear_fc1._extra_state/shard_15_80.pt,1,1200
MODEL,file,weights/module.decoder.layers.mlp.linear_fc1._extra_state/shard_5_80.pt,1,1195
MODEL,file,weights/module.decoder.layers.mlp.linear_fc1._extra_state/shard_65_80.pt,1,1200
MODEL,file,weights/module.decoder.layers.mlp.linear_fc1._extra_state/shard_76_80.pt,1,1200
MODEL,file,weights/module.decoder.layers.mlp.linear_fc1._extra_state/shard_33_80.pt,1,1200
MODEL,file,weights/module.decoder.layers.mlp.linear_fc1._extra_state/shard_25_80.pt,1,1200
MODEL,file,weights/module.decoder.layers.mlp.linear_fc1._extra_state/shard_14_80.pt,1,1200
MODEL,file,weights/module.decoder.layers.mlp.linear_fc1._extra_state/shard_34_80.pt,1,1200
MODEL,file,weights/module.decoder.layers.mlp.linear_fc1._extra_state/shard_23_80.pt,1,1200
MODEL,file,weights/module.decoder.layers.mlp.linear_fc1._extra_state/shard_68_80.pt,1,1200
MODEL,file,weights/module.decoder.layers.mlp.linear_fc1._extra_state/shard_48_80.pt,1,1200
MODEL,file,weights/module.decoder.layers.mlp.linear_fc1._extra_state/shard_39_80.pt,1,1200
MODEL,file,weights/module.decoder.layers.mlp.linear_fc1._extra_state/shard_12_80.pt,1,1200
MODEL,file,weights/module.decoder.layers.mlp.linear_fc1._extra_state/shard_26_80.pt,1,1200
MODEL,file,weights/module.decoder.layers.mlp.linear_fc1._extra_state/shard_31_80.pt,1,1200
MODEL,file,weights/module.decoder.layers.mlp.linear_fc1._extra_state/shard_35_80.pt,1,1200
MODEL,file,weights/module.decoder.layers.mlp.linear_fc1._extra_state/shard_42_80.pt,1,1200
MODEL,file,weights/module.decoder.layers.mlp.linear_fc1._extra_state/shard_32_80.pt,1,1200
MODEL,file,weights/module.decoder.layers.mlp.linear_fc1._extra_state/shard_59_80.pt,1,1200
MODEL,file,weights/module.decoder.layers.mlp.linear_fc1._extra_state/shard_1_80.pt,1,1195
MODEL,file,weights/module.decoder.layers.mlp.linear_fc1._extra_state/shard_70_80.pt,1,1200
MODEL,file,weights/module.decoder.layers.mlp.linear_fc1._extra_state/shard_73_80.pt,1,1200
MODEL,file,weights/module.decoder.layers.mlp.linear_fc1._extra_state/shard_7_80.pt,1,1195
MODEL,dir,weights/module.decoder.layers.mlp.linear_fc1._extra_state,80,95950
MODEL,file,weights/module.decoder.layers.self_attention.linear_qkv.layer_norm_weight/44.0,1,16384
MODEL,file,weights/module.decoder.layers.self_attention.linear_qkv.layer_norm_weight/69.0,1,16384
MODEL,file,weights/module.decoder.layers.self_attention.linear_qkv.layer_norm_weight/13.0,1,16384
MODEL,file,weights/module.decoder.layers.self_attention.linear_qkv.layer_norm_weight/47.0,1,16384
MODEL,file,weights/module.decoder.layers.self_attention.linear_qkv.layer_norm_weight/70.0,1,16384
MODEL,file,weights/module.decoder.layers.self_attention.linear_qkv.layer_norm_weight/53.0,1,16384
MODEL,file,weights/module.decoder.layers.self_attention.linear_qkv.layer_norm_weight/40.0,1,16384
MODEL,file,weights/module.decoder.layers.self_attention.linear_qkv.layer_norm_weight/17.0,1,16384
MODEL,file,weights/module.decoder.layers.self_attention.linear_qkv.layer_norm_weight/31.0,1,16384
MODEL,file,weights/module.decoder.layers.self_attention.linear_qkv.layer_norm_weight/37.0,1,16384
MODEL,file,weights/module.decoder.layers.self_attention.linear_qkv.layer_norm_weight/54.0,1,16384
MODEL,file,weights/module.decoder.layers.self_attention.linear_qkv.layer_norm_weight/27.0,1,16384
MODEL,file,weights/module.decoder.layers.self_attention.linear_qkv.layer_norm_weight/11.0,1,16384
MODEL,file,weights/module.decoder.layers.self_attention.linear_qkv.layer_norm_weight/20.0,1,16384
MODEL,file,weights/module.decoder.layers.self_attention.linear_qkv.layer_norm_weight/10.0,1,16384
MODEL,file,weights/module.decoder.layers.self_attention.linear_qkv.layer_norm_weight/51.0,1,16384
MODEL,file,weights/module.decoder.layers.self_attention.linear_qkv.layer_norm_weight/22.0,1,16384
MODEL,file,weights/module.decoder.layers.self_attention.linear_qkv.layer_norm_weight/41.0,1,16384
MODEL,file,weights/module.decoder.layers.self_attention.linear_qkv.layer_norm_weight/57.0,1,16384
MODEL,file,weights/module.decoder.layers.self_attention.linear_qkv.layer_norm_weight/73.0,1,16384
MODEL,file,weights/module.decoder.layers.self_attention.linear_qkv.layer_norm_weight/9.0,1,16384
MODEL,file,weights/module.decoder.layers.self_attention.linear_qkv.layer_norm_weight/6.0,1,16384
MODEL,file,weights/module.decoder.layers.self_attention.linear_qkv.layer_norm_weight/66.0,1,16384
MODEL,file,weights/module.decoder.layers.self_attention.linear_qkv.layer_norm_weight/46.0,1,16384
MODEL,file,weights/module.decoder.layers.self_attention.linear_qkv.layer_norm_weight/0.0,1,16384
MODEL,file,weights/module.decoder.layers.self_attention.linear_qkv.layer_norm_weight/35.0,1,16384
MODEL,file,weights/module.decoder.layers.self_attention.linear_qkv.layer_norm_weight/75.0,1,16384
MODEL,file,weights/module.decoder.layers.self_attention.linear_qkv.layer_norm_weight/77.0,1,16384
MODEL,file,weights/module.decoder.layers.self_attention.linear_qkv.layer_norm_weight/60.0,1,16384
MODEL,file,weights/module.decoder.layers.self_attention.linear_qkv.layer_norm_weight/34.0,1,16384
MODEL,file,weights/module.decoder.layers.self_attention.linear_qkv.layer_norm_weight/25.0,1,16384
MODEL,file,weights/module.decoder.layers.self_attention.linear_qkv.layer_norm_weight/1.0,1,16384
MODEL,file,weights/module.decoder.layers.self_attention.linear_qkv.layer_norm_weight/38.0,1,16384
MODEL,file,weights/module.decoder.layers.self_attention.linear_qkv.layer_norm_weight/72.0,1,16384
MODEL,file,weights/module.decoder.layers.self_attention.linear_qkv.layer_norm_weight/65.0,1,16384
MODEL,file,weights/module.decoder.layers.self_attention.linear_qkv.layer_norm_weight/18.0,1,16384
MODEL,file,weights/module.decoder.layers.self_attention.linear_qkv.layer_norm_weight/42.0,1,16384
MODEL,file,weights/module.decoder.layers.self_attention.linear_qkv.layer_norm_weight/58.0,1,16384
MODEL,file,weights/module.decoder.layers.self_attention.linear_qkv.layer_norm_weight/7.0,1,16384
MODEL,file,weights/module.decoder.layers.self_attention.linear_qkv.layer_norm_weight/12.0,1,16384
MODEL,file,weights/module.decoder.layers.self_attention.linear_qkv.layer_norm_weight/49.0,1,16384
MODEL,file,weights/module.decoder.layers.self_attention.linear_qkv.layer_norm_weight/64.0,1,16384
MODEL,file,weights/module.decoder.layers.self_attention.linear_qkv.layer_norm_weight/63.0,1,16384
MODEL,file,weights/module.decoder.layers.self_attention.linear_qkv.layer_norm_weight/59.0,1,16384
MODEL,file,weights/module.decoder.layers.self_attention.linear_qkv.layer_norm_weight/3.0,1,16384
MODEL,file,weights/module.decoder.layers.self_attention.linear_qkv.layer_norm_weight/5.0,1,16384
MODEL,file,weights/module.decoder.layers.self_attention.linear_qkv.layer_norm_weight/71.0,1,16384
MODEL,file,weights/module.decoder.layers.self_attention.linear_qkv.layer_norm_weight/39.0,1,16384
MODEL,file,weights/module.decoder.layers.self_attention.linear_qkv.layer_norm_weight/76.0,1,16384
MODEL,file,weights/module.decoder.layers.self_attention.linear_qkv.layer_norm_weight/14.0,1,16384
MODEL,file,weights/module.decoder.layers.self_attention.linear_qkv.layer_norm_weight/24.0,1,16384
MODEL,file,weights/module.decoder.layers.self_attention.linear_qkv.layer_norm_weight/4.0,1,16384
MODEL,file,weights/module.decoder.layers.self_attention.linear_qkv.layer_norm_weight/29.0,1,16384
MODEL,file,weights/module.decoder.layers.self_attention.linear_qkv.layer_norm_weight/48.0,1,16384
MODEL,file,weights/module.decoder.layers.self_attention.linear_qkv.layer_norm_weight/67.0,1,16384
MODEL,file,weights/module.decoder.layers.self_attention.linear_qkv.layer_norm_weight/68.0,1,16384
MODEL,file,weights/module.decoder.layers.self_attention.linear_qkv.layer_norm_weight/79.0,1,16384
MODEL,file,weights/module.decoder.layers.self_attention.linear_qkv.layer_norm_weight/19.0,1,16384
MODEL,file,weights/module.decoder.layers.self_attention.linear_qkv.layer_norm_weight/15.0,1,16384
MODEL,file,weights/module.decoder.layers.self_attention.linear_qkv.layer_norm_weight/52.0,1,16384
MODEL,file,weights/module.decoder.layers.self_attention.linear_qkv.layer_norm_weight/56.0,1,16384
MODEL,file,weights/module.decoder.layers.self_attention.linear_qkv.layer_norm_weight/21.0,1,16384
MODEL,file,weights/module.decoder.layers.self_attention.linear_qkv.layer_norm_weight/74.0,1,16384
MODEL,file,weights/module.decoder.layers.self_attention.linear_qkv.layer_norm_weight/36.0,1,16384
MODEL,file,weights/module.decoder.layers.self_attention.linear_qkv.layer_norm_weight/33.0,1,16384
MODEL,file,weights/module.decoder.layers.self_attention.linear_qkv.layer_norm_weight/78.0,1,16384
MODEL,file,weights/module.decoder.layers.self_attention.linear_qkv.layer_norm_weight/45.0,1,16384
MODEL,file,weights/module.decoder.layers.self_attention.linear_qkv.layer_norm_weight/28.0,1,16384
MODEL,file,weights/module.decoder.layers.self_attention.linear_qkv.layer_norm_weight/62.0,1,16384
MODEL,file,weights/module.decoder.layers.self_attention.linear_qkv.layer_norm_weight/30.0,1,16384
MODEL,file,weights/module.decoder.layers.self_attention.linear_qkv.layer_norm_weight/2.0,1,16384
MODEL,file,weights/module.decoder.layers.self_attention.linear_qkv.layer_norm_weight/50.0,1,16384
MODEL,file,weights/module.decoder.layers.self_attention.linear_qkv.layer_norm_weight/32.0,1,16384
MODEL,file,weights/module.decoder.layers.self_attention.linear_qkv.layer_norm_weight/8.0,1,16384
MODEL,file,weights/module.decoder.layers.self_attention.linear_qkv.layer_norm_weight/43.0,1,16384
MODEL,file,weights/module.decoder.layers.self_attention.linear_qkv.layer_norm_weight/16.0,1,16384
MODEL,file,weights/module.decoder.layers.self_attention.linear_qkv.layer_norm_weight/55.0,1,16384
MODEL,file,weights/module.decoder.layers.self_attention.linear_qkv.layer_norm_weight/26.0,1,16384
MODEL,file,weights/module.decoder.layers.self_attention.linear_qkv.layer_norm_weight/61.0,1,16384
MODEL,file,weights/module.decoder.layers.self_attention.linear_qkv.layer_norm_weight/23.0,1,16384
MODEL,dir,weights/module.decoder.layers.self_attention.linear_qkv.layer_norm_weight,80,1310720
MODEL,file,weights/module.decoder.layers.self_attention.linear_qkv._extra_state/shard_67_80.pt,1,1200
MODEL,file,weights/module.decoder.layers.self_attention.linear_qkv._extra_state/shard_30_80.pt,1,1200
MODEL,file,weights/module.decoder.layers.self_attention.linear_qkv._extra_state/shard_52_80.pt,1,1200
MODEL,file,weights/module.decoder.layers.self_attention.linear_qkv._extra_state/shard_24_80.pt,1,1200
MODEL,file,weights/module.decoder.layers.self_attention.linear_qkv._extra_state/shard_63_80.pt,1,1200
MODEL,file,weights/module.decoder.layers.self_attention.linear_qkv._extra_state/shard_27_80.pt,1,1200
MODEL,file,weights/module.decoder.layers.self_attention.linear_qkv._extra_state/shard_36_80.pt,1,1200
MODEL,file,weights/module.decoder.layers.self_attention.linear_qkv._extra_state/shard_77_80.pt,1,1200
MODEL,file,weights/module.decoder.layers.self_attention.linear_qkv._extra_state/shard_64_80.pt,1,1200
MODEL,file,weights/module.decoder.layers.self_attention.linear_qkv._extra_state/shard_71_80.pt,1,1200
MODEL,file,weights/module.decoder.layers.self_attention.linear_qkv._extra_state/shard_29_80.pt,1,1200
MODEL,file,weights/module.decoder.layers.self_attention.linear_qkv._extra_state/shard_17_80.pt,1,1200
MODEL,file,weights/module.decoder.layers.self_attention.linear_qkv._extra_state/shard_72_80.pt,1,1200
MODEL,file,weights/module.decoder.layers.self_attention.linear_qkv._extra_state/shard_43_80.pt,1,1200
MODEL,file,weights/module.decoder.layers.self_attention.linear_qkv._extra_state/shard_22_80.pt,1,1200
MODEL,file,weights/module.decoder.layers.self_attention.linear_qkv._extra_state/shard_62_80.pt,1,1200
MODEL,file,weights/module.decoder.layers.self_attention.linear_qkv._extra_state/shard_9_80.pt,1,1195
MODEL,file,weights/module.decoder.layers.self_attention.linear_qkv._extra_state/shard_0_80.pt,1,1195
MODEL,file,weights/module.decoder.layers.self_attention.linear_qkv._extra_state/shard_47_80.pt,1,1200
MODEL,file,weights/module.decoder.layers.self_attention.linear_qkv._extra_state/shard_75_80.pt,1,1200
MODEL,file,weights/module.decoder.layers.self_attention.linear_qkv._extra_state/shard_38_80.pt,1,1200
MODEL,file,weights/module.decoder.layers.self_attention.linear_qkv._extra_state/shard_53_80.pt,1,1200
MODEL,file,weights/module.decoder.layers.self_attention.linear_qkv._extra_state/shard_4_80.pt,1,1195
MODEL,file,weights/module.decoder.layers.self_attention.linear_qkv._extra_state/shard_61_80.pt,1,1200
MODEL,file,weights/module.decoder.layers.self_attention.linear_qkv._extra_state/shard_2_80.pt,1,1195
MODEL,file,weights/module.decoder.layers.self_attention.linear_qkv._extra_state/shard_44_80.pt,1,1200
MODEL,file,weights/module.decoder.layers.self_attention.linear_qkv._extra_state/shard_40_80.pt,1,1200
MODEL,file,weights/module.decoder.layers.self_attention.linear_qkv._extra_state/shard_58_80.pt,1,1200
MODEL,file,weights/module.decoder.layers.self_attention.linear_qkv._extra_state/shard_28_80.pt,1,1200
MODEL,file,weights/module.decoder.layers.self_attention.linear_qkv._extra_state/shard_37_80.pt,1,1200
MODEL,file,weights/module.decoder.layers.self_attention.linear_qkv._extra_state/shard_3_80.pt,1,1195
MODEL,file,weights/module.decoder.layers.self_attention.linear_qkv._extra_state/shard_18_80.pt,1,1200
MODEL,file,weights/module.decoder.layers.self_attention.linear_qkv._extra_state/shard_55_80.pt,1,1200
MODEL,file,weights/module.decoder.layers.self_attention.linear_qkv._extra_state/shard_50_80.pt,1,1200
MODEL,file,weights/module.decoder.layers.self_attention.linear_qkv._extra_state/shard_51_80.pt,1,1200
MODEL,file,weights/module.decoder.layers.self_attention.linear_qkv._extra_state/shard_69_80.pt,1,1200
MODEL,file,weights/module.decoder.layers.self_attention.linear_qkv._extra_state/shard_45_80.pt,1,1200
MODEL,file,weights/module.decoder.layers.self_attention.linear_qkv._extra_state/shard_16_80.pt,1,1200
MODEL,file,weights/module.decoder.layers.self_attention.linear_qkv._extra_state/shard_60_80.pt,1,1200
MODEL,file,weights/module.decoder.layers.self_attention.linear_qkv._extra_state/shard_46_80.pt,1,1200
MODEL,file,weights/module.decoder.layers.self_attention.linear_qkv._extra_state/shard_57_80.pt,1,1200
MODEL,file,weights/module.decoder.layers.self_attention.linear_qkv._extra_state/shard_54_80.pt,1,1200
MODEL,file,weights/module.decoder.layers.self_attention.linear_qkv._extra_state/shard_10_80.pt,1,1200
MODEL,file,weights/module.decoder.layers.self_attention.linear_qkv._extra_state/shard_8_80.pt,1,1195
MODEL,file,weights/module.decoder.layers.self_attention.linear_qkv._extra_state/shard_56_80.pt,1,1200
MODEL,file,weights/module.decoder.layers.self_attention.linear_qkv._extra_state/shard_66_80.pt,1,1200
MODEL,file,weights/module.decoder.layers.self_attention.linear_qkv._extra_state/shard_79_80.pt,1,1200
MODEL,file,weights/module.decoder.layers.self_attention.linear_qkv._extra_state/shard_41_80.pt,1,1200
MODEL,file,weights/module.decoder.layers.self_attention.linear_qkv._extra_state/shard_19_80.pt,1,1200
MODEL,file,weights/module.decoder.layers.self_attention.linear_qkv._extra_state/shard_49_80.pt,1,1200
MODEL,file,weights/module.decoder.layers.self_attention.linear_qkv._extra_state/shard_20_80.pt,1,1200
MODEL,file,weights/module.decoder.layers.self_attention.linear_qkv._extra_state/shard_6_80.pt,1,1195
MODEL,file,weights/module.decoder.layers.self_attention.linear_qkv._extra_state/shard_74_80.pt,1,1200
MODEL,file,weights/module.decoder.layers.self_attention.linear_qkv._extra_state/shard_13_80.pt,1,1200
MODEL,file,weights/module.decoder.layers.self_attention.linear_qkv._extra_state/shard_11_80.pt,1,1200
MODEL,file,weights/module.decoder.layers.self_attention.linear_qkv._extra_state/shard_21_80.pt,1,1200
MODEL,file,weights/module.decoder.layers.self_attention.linear_qkv._extra_state/shard_78_80.pt,1,1200
MODEL,file,weights/module.decoder.layers.self_attention.linear_qkv._extra_state/shard_15_80.pt,1,1200
MODEL,file,weights/module.decoder.layers.self_attention.linear_qkv._extra_state/shard_5_80.pt,1,1195
MODEL,file,weights/module.decoder.layers.self_attention.linear_qkv._extra_state/shard_65_80.pt,1,1200
MODEL,file,weights/module.decoder.layers.self_attention.linear_qkv._extra_state/shard_76_80.pt,1,1200
MODEL,file,weights/module.decoder.layers.self_attention.linear_qkv._extra_state/shard_33_80.pt,1,1200
MODEL,file,weights/module.decoder.layers.self_attention.linear_qkv._extra_state/shard_25_80.pt,1,1200
MODEL,file,weights/module.decoder.layers.self_attention.linear_qkv._extra_state/shard_14_80.pt,1,1200
MODEL,file,weights/module.decoder.layers.self_attention.linear_qkv._extra_state/shard_34_80.pt,1,1200
MODEL,file,weights/module.decoder.layers.self_attention.linear_qkv._extra_state/shard_23_80.pt,1,1200
MODEL,file,weights/module.decoder.layers.self_attention.linear_qkv._extra_state/shard_68_80.pt,1,1200
MODEL,file,weights/module.decoder.layers.self_attention.linear_qkv._extra_state/shard_48_80.pt,1,1200
MODEL,file,weights/module.decoder.layers.self_attention.linear_qkv._extra_state/shard_39_80.pt,1,1200
MODEL,file,weights/module.decoder.layers.self_attention.linear_qkv._extra_state/shard_12_80.pt,1,1200
MODEL,file,weights/module.decoder.layers.self_attention.linear_qkv._extra_state/shard_26_80.pt,1,1200
MODEL,file,weights/module.decoder.layers.self_attention.linear_qkv._extra_state/shard_31_80.pt,1,1200
MODEL,file,weights/module.decoder.layers.self_attention.linear_qkv._extra_state/shard_35_80.pt,1,1200
MODEL,file,weights/module.decoder.layers.self_attention.linear_qkv._extra_state/shard_42_80.pt,1,1200
MODEL,file,weights/module.decoder.layers.self_attention.linear_qkv._extra_state/shard_32_80.pt,1,1200
MODEL,file,weights/module.decoder.layers.self_attention.linear_qkv._extra_state/shard_59_80.pt,1,1200
MODEL,file,weights/module.decoder.layers.self_attention.linear_qkv._extra_state/shard_1_80.pt,1,1195
MODEL,file,weights/module.decoder.layers.self_attention.linear_qkv._extra_state/shard_70_80.pt,1,1200
MODEL,file,weights/module.decoder.layers.self_attention.linear_qkv._extra_state/shard_73_80.pt,1,1200
MODEL,file,weights/module.decoder.layers.self_attention.linear_qkv._extra_state/shard_7_80.pt,1,1195
MODEL,dir,weights/module.decoder.layers.self_attention.linear_qkv._extra_state,80,95950
MODEL,file,weights/module.decoder.layers.self_attention.core_attention._extra_state/shard_67_80.pt,1,1200
MODEL,file,weights/module.decoder.layers.self_attention.core_attention._extra_state/shard_30_80.pt,1,1200
MODEL,file,weights/module.decoder.layers.self_attention.core_attention._extra_state/shard_52_80.pt,1,1200
MODEL,file,weights/module.decoder.layers.self_attention.core_attention._extra_state/shard_24_80.pt,1,1200
MODEL,file,weights/module.decoder.layers.self_attention.core_attention._extra_state/shard_63_80.pt,1,1200
MODEL,file,weights/module.decoder.layers.self_attention.core_attention._extra_state/shard_27_80.pt,1,1200
MODEL,file,weights/module.decoder.layers.self_attention.core_attention._extra_state/shard_36_80.pt,1,1200
MODEL,file,weights/module.decoder.layers.self_attention.core_attention._extra_state/shard_77_80.pt,1,1200
MODEL,file,weights/module.decoder.layers.self_attention.core_attention._extra_state/shard_64_80.pt,1,1200
MODEL,file,weights/module.decoder.layers.self_attention.core_attention._extra_state/shard_71_80.pt,1,1200
MODEL,file,weights/module.decoder.layers.self_attention.core_attention._extra_state/shard_29_80.pt,1,1200
MODEL,file,weights/module.decoder.layers.self_attention.core_attention._extra_state/shard_17_80.pt,1,1200
MODEL,file,weights/module.decoder.layers.self_attention.core_attention._extra_state/shard_72_80.pt,1,1200
MODEL,file,weights/module.decoder.layers.self_attention.core_attention._extra_state/shard_43_80.pt,1,1200
MODEL,file,weights/module.decoder.layers.self_attention.core_attention._extra_state/shard_22_80.pt,1,1200
MODEL,file,weights/module.decoder.layers.self_attention.core_attention._extra_state/shard_62_80.pt,1,1200
MODEL,file,weights/module.decoder.layers.self_attention.core_attention._extra_state/shard_9_80.pt,1,1195
MODEL,file,weights/module.decoder.layers.self_attention.core_attention._extra_state/shard_0_80.pt,1,1195
MODEL,file,weights/module.decoder.layers.self_attention.core_attention._extra_state/shard_47_80.pt,1,1200
MODEL,file,weights/module.decoder.layers.self_attention.core_attention._extra_state/shard_75_80.pt,1,1200
MODEL,file,weights/module.decoder.layers.self_attention.core_attention._extra_state/shard_38_80.pt,1,1200
MODEL,file,weights/module.decoder.layers.self_attention.core_attention._extra_state/shard_53_80.pt,1,1200
MODEL,file,weights/module.decoder.layers.self_attention.core_attention._extra_state/shard_4_80.pt,1,1195
MODEL,file,weights/module.decoder.layers.self_attention.core_attention._extra_state/shard_61_80.pt,1,1200
MODEL,file,weights/module.decoder.layers.self_attention.core_attention._extra_state/shard_2_80.pt,1,1195
MODEL,file,weights/module.decoder.layers.self_attention.core_attention._extra_state/shard_44_80.pt,1,1200
MODEL,file,weights/module.decoder.layers.self_attention.core_attention._extra_state/shard_40_80.pt,1,1200
MODEL,file,weights/module.decoder.layers.self_attention.core_attention._extra_state/shard_58_80.pt,1,1200
MODEL,file,weights/module.decoder.layers.self_attention.core_attention._extra_state/shard_28_80.pt,1,1200
MODEL,file,weights/module.decoder.layers.self_attention.core_attention._extra_state/shard_37_80.pt,1,1200
MODEL,file,weights/module.decoder.layers.self_attention.core_attention._extra_state/shard_3_80.pt,1,1195
MODEL,file,weights/module.decoder.layers.self_attention.core_attention._extra_state/shard_18_80.pt,1,1200
MODEL,file,weights/module.decoder.layers.self_attention.core_attention._extra_state/shard_55_80.pt,1,1200
MODEL,file,weights/module.decoder.layers.self_attention.core_attention._extra_state/shard_50_80.pt,1,1200
MODEL,file,weights/module.decoder.layers.self_attention.core_attention._extra_state/shard_51_80.pt,1,1200
MODEL,file,weights/module.decoder.layers.self_attention.core_attention._extra_state/shard_69_80.pt,1,1200
MODEL,file,weights/module.decoder.layers.self_attention.core_attention._extra_state/shard_45_80.pt,1,1200
MODEL,file,weights/module.decoder.layers.self_attention.core_attention._extra_state/shard_16_80.pt,1,1200
MODEL,file,weights/module.decoder.layers.self_attention.core_attention._extra_state/shard_60_80.pt,1,1200
MODEL,file,weights/module.decoder.layers.self_attention.core_attention._extra_state/shard_46_80.pt,1,1200
MODEL,file,weights/module.decoder.layers.self_attention.core_attention._extra_state/shard_57_80.pt,1,1200
MODEL,file,weights/module.decoder.layers.self_attention.core_attention._extra_state/shard_54_80.pt,1,1200
MODEL,file,weights/module.decoder.layers.self_attention.core_attention._extra_state/shard_10_80.pt,1,1200
MODEL,file,weights/module.decoder.layers.self_attention.core_attention._extra_state/shard_8_80.pt,1,1195
MODEL,file,weights/module.decoder.layers.self_attention.core_attention._extra_state/shard_56_80.pt,1,1200
MODEL,file,weights/module.decoder.layers.self_attention.core_attention._extra_state/shard_66_80.pt,1,1200
MODEL,file,weights/module.decoder.layers.self_attention.core_attention._extra_state/shard_79_80.pt,1,1200
MODEL,file,weights/module.decoder.layers.self_attention.core_attention._extra_state/shard_41_80.pt,1,1200
MODEL,file,weights/module.decoder.layers.self_attention.core_attention._extra_state/shard_19_80.pt,1,1200
MODEL,file,weights/module.decoder.layers.self_attention.core_attention._extra_state/shard_49_80.pt,1,1200
MODEL,file,weights/module.decoder.layers.self_attention.core_attention._extra_state/shard_20_80.pt,1,1200
MODEL,file,weights/module.decoder.layers.self_attention.core_attention._extra_state/shard_6_80.pt,1,1195
MODEL,file,weights/module.decoder.layers.self_attention.core_attention._extra_state/shard_74_80.pt,1,1200
MODEL,file,weights/module.decoder.layers.self_attention.core_attention._extra_state/shard_13_80.pt,1,1200
MODEL,file,weights/module.decoder.layers.self_attention.core_attention._extra_state/shard_11_80.pt,1,1200
MODEL,file,weights/module.decoder.layers.self_attention.core_attention._extra_state/shard_21_80.pt,1,1200
MODEL,file,weights/module.decoder.layers.self_attention.core_attention._extra_state/shard_78_80.pt,1,1200
MODEL,file,weights/module.decoder.layers.self_attention.core_attention._extra_state/shard_15_80.pt,1,1200
MODEL,file,weights/module.decoder.layers.self_attention.core_attention._extra_state/shard_5_80.pt,1,1195
MODEL,file,weights/module.decoder.layers.self_attention.core_attention._extra_state/shard_65_80.pt,1,1200
MODEL,file,weights/module.decoder.layers.self_attention.core_attention._extra_state/shard_76_80.pt,1,1200
MODEL,file,weights/module.decoder.layers.self_attention.core_attention._extra_state/shard_33_80.pt,1,1200
MODEL,file,weights/module.decoder.layers.self_attention.core_attention._extra_state/shard_25_80.pt,1,1200
MODEL,file,weights/module.decoder.layers.self_attention.core_attention._extra_state/shard_14_80.pt,1,1200
MODEL,file,weights/module.decoder.layers.self_attention.core_attention._extra_state/shard_34_80.pt,1,1200
MODEL,file,weights/module.decoder.layers.self_attention.core_attention._extra_state/shard_23_80.pt,1,1200
MODEL,file,weights/module.decoder.layers.self_attention.core_attention._extra_state/shard_68_80.pt,1,1200
MODEL,file,weights/module.decoder.layers.self_attention.core_attention._extra_state/shard_48_80.pt,1,1200
MODEL,file,weights/module.decoder.layers.self_attention.core_attention._extra_state/shard_39_80.pt,1,1200
MODEL,file,weights/module.decoder.layers.self_attention.core_attention._extra_state/shard_12_80.pt,1,1200
MODEL,file,weights/module.decoder.layers.self_attention.core_attention._extra_state/shard_26_80.pt,1,1200
MODEL,file,weights/module.decoder.layers.self_attention.core_attention._extra_state/shard_31_80.pt,1,1200
MODEL,file,weights/module.decoder.layers.self_attention.core_attention._extra_state/shard_35_80.pt,1,1200
MODEL,file,weights/module.decoder.layers.self_attention.core_attention._extra_state/shard_42_80.pt,1,1200
MODEL,file,weights/module.decoder.layers.self_attention.core_attention._extra_state/shard_32_80.pt,1,1200
MODEL,file,weights/module.decoder.layers.self_attention.core_attention._extra_state/shard_59_80.pt,1,1200
MODEL,file,weights/module.decoder.layers.self_attention.core_attention._extra_state/shard_1_80.pt,1,1195
MODEL,file,weights/module.decoder.layers.self_attention.core_attention._extra_state/shard_70_80.pt,1,1200
MODEL,file,weights/module.decoder.layers.self_attention.core_attention._extra_state/shard_73_80.pt,1,1200
MODEL,file,weights/module.decoder.layers.self_attention.core_attention._extra_state/shard_7_80.pt,1,1195
MODEL,dir,weights/module.decoder.layers.self_attention.core_attention._extra_state,80,95950
MODEL,file,weights/module.decoder.layers.self_attention.linear_proj._extra_state/shard_67_80.pt,1,1200
MODEL,file,weights/module.decoder.layers.self_attention.linear_proj._extra_state/shard_30_80.pt,1,1200
MODEL,file,weights/module.decoder.layers.self_attention.linear_proj._extra_state/shard_52_80.pt,1,1200
MODEL,file,weights/module.decoder.layers.self_attention.linear_proj._extra_state/shard_24_80.pt,1,1200
MODEL,file,weights/module.decoder.layers.self_attention.linear_proj._extra_state/shard_63_80.pt,1,1200
MODEL,file,weights/module.decoder.layers.self_attention.linear_proj._extra_state/shard_27_80.pt,1,1200
MODEL,file,weights/module.decoder.layers.self_attention.linear_proj._extra_state/shard_36_80.pt,1,1200
MODEL,file,weights/module.decoder.layers.self_attention.linear_proj._extra_state/shard_77_80.pt,1,1200
MODEL,file,weights/module.decoder.layers.self_attention.linear_proj._extra_state/shard_64_80.pt,1,1200
MODEL,file,weights/module.decoder.layers.self_attention.linear_proj._extra_state/shard_71_80.pt,1,1200
MODEL,file,weights/module.decoder.layers.self_attention.linear_proj._extra_state/shard_29_80.pt,1,1200
MODEL,file,weights/module.decoder.layers.self_attention.linear_proj._extra_state/shard_17_80.pt,1,1200
MODEL,file,weights/module.decoder.layers.self_attention.linear_proj._extra_state/shard_72_80.pt,1,1200
MODEL,file,weights/module.decoder.layers.self_attention.linear_proj._extra_state/shard_43_80.pt,1,1200
MODEL,file,weights/module.decoder.layers.self_attention.linear_proj._extra_state/shard_22_80.pt,1,1200
MODEL,file,weights/module.decoder.layers.self_attention.linear_proj._extra_state/shard_62_80.pt,1,1200
MODEL,file,weights/module.decoder.layers.self_attention.linear_proj._extra_state/shard_9_80.pt,1,1195
MODEL,file,weights/module.decoder.layers.self_attention.linear_proj._extra_state/shard_0_80.pt,1,1195
MODEL,file,weights/module.decoder.layers.self_attention.linear_proj._extra_state/shard_47_80.pt,1,1200
MODEL,file,weights/module.decoder.layers.self_attention.linear_proj._extra_state/shard_75_80.pt,1,1200
MODEL,file,weights/module.decoder.layers.self_attention.linear_proj._extra_state/shard_38_80.pt,1,1200
MODEL,file,weights/module.decoder.layers.self_attention.linear_proj._extra_state/shard_53_80.pt,1,1200
MODEL,file,weights/module.decoder.layers.self_attention.linear_proj._extra_state/shard_4_80.pt,1,1195
MODEL,file,weights/module.decoder.layers.self_attention.linear_proj._extra_state/shard_61_80.pt,1,1200
MODEL,file,weights/module.decoder.layers.self_attention.linear_proj._extra_state/shard_2_80.pt,1,1195
MODEL,file,weights/module.decoder.layers.self_attention.linear_proj._extra_state/shard_44_80.pt,1,1200
MODEL,file,weights/module.decoder.layers.self_attention.linear_proj._extra_state/shard_40_80.pt,1,1200
MODEL,file,weights/module.decoder.layers.self_attention.linear_proj._extra_state/shard_58_80.pt,1,1200
MODEL,file,weights/module.decoder.layers.self_attention.linear_proj._extra_state/shard_28_80.pt,1,1200
MODEL,file,weights/module.decoder.layers.self_attention.linear_proj._extra_state/shard_37_80.pt,1,1200
MODEL,file,weights/module.decoder.layers.self_attention.linear_proj._extra_state/shard_3_80.pt,1,1195
MODEL,file,weights/module.decoder.layers.self_attention.linear_proj._extra_state/shard_18_80.pt,1,1200
MODEL,file,weights/module.decoder.layers.self_attention.linear_proj._extra_state/shard_55_80.pt,1,1200
MODEL,file,weights/module.decoder.layers.self_attention.linear_proj._extra_state/shard_50_80.pt,1,1200
MODEL,file,weights/module.decoder.layers.self_attention.linear_proj._extra_state/shard_51_80.pt,1,1200
MODEL,file,weights/module.decoder.layers.self_attention.linear_proj._extra_state/shard_69_80.pt,1,1200
MODEL,file,weights/module.decoder.layers.self_attention.linear_proj._extra_state/shard_45_80.pt,1,1200
MODEL,file,weights/module.decoder.layers.self_attention.linear_proj._extra_state/shard_16_80.pt,1,1200
MODEL,file,weights/module.decoder.layers.self_attention.linear_proj._extra_state/shard_60_80.pt,1,1200
MODEL,file,weights/module.decoder.layers.self_attention.linear_proj._extra_state/shard_46_80.pt,1,1200
MODEL,file,weights/module.decoder.layers.self_attention.linear_proj._extra_state/shard_57_80.pt,1,1200
MODEL,file,weights/module.decoder.layers.self_attention.linear_proj._extra_state/shard_54_80.pt,1,1200
MODEL,file,weights/module.decoder.layers.self_attention.linear_proj._extra_state/shard_10_80.pt,1,1200
MODEL,file,weights/module.decoder.layers.self_attention.linear_proj._extra_state/shard_8_80.pt,1,1195
MODEL,file,weights/module.decoder.layers.self_attention.linear_proj._extra_state/shard_56_80.pt,1,1200
MODEL,file,weights/module.decoder.layers.self_attention.linear_proj._extra_state/shard_66_80.pt,1,1200
MODEL,file,weights/module.decoder.layers.self_attention.linear_proj._extra_state/shard_79_80.pt,1,1200
MODEL,file,weights/module.decoder.layers.self_attention.linear_proj._extra_state/shard_41_80.pt,1,1200
MODEL,file,weights/module.decoder.layers.self_attention.linear_proj._extra_state/shard_19_80.pt,1,1200
MODEL,file,weights/module.decoder.layers.self_attention.linear_proj._extra_state/shard_49_80.pt,1,1200
MODEL,file,weights/module.decoder.layers.self_attention.linear_proj._extra_state/shard_20_80.pt,1,1200
MODEL,file,weights/module.decoder.layers.self_attention.linear_proj._extra_state/shard_6_80.pt,1,1195
MODEL,file,weights/module.decoder.layers.self_attention.linear_proj._extra_state/shard_74_80.pt,1,1200
MODEL,file,weights/module.decoder.layers.self_attention.linear_proj._extra_state/shard_13_80.pt,1,1200
MODEL,file,weights/module.decoder.layers.self_attention.linear_proj._extra_state/shard_11_80.pt,1,1200
MODEL,file,weights/module.decoder.layers.self_attention.linear_proj._extra_state/shard_21_80.pt,1,1200
MODEL,file,weights/module.decoder.layers.self_attention.linear_proj._extra_state/shard_78_80.pt,1,1200
MODEL,file,weights/module.decoder.layers.self_attention.linear_proj._extra_state/shard_15_80.pt,1,1200
MODEL,file,weights/module.decoder.layers.self_attention.linear_proj._extra_state/shard_5_80.pt,1,1195
MODEL,file,weights/module.decoder.layers.self_attention.linear_proj._extra_state/shard_65_80.pt,1,1200
MODEL,file,weights/module.decoder.layers.self_attention.linear_proj._extra_state/shard_76_80.pt,1,1200
MODEL,file,weights/module.decoder.layers.self_attention.linear_proj._extra_state/shard_33_80.pt,1,1200
MODEL,file,weights/module.decoder.layers.self_attention.linear_proj._extra_state/shard_25_80.pt,1,1200
MODEL,file,weights/module.decoder.layers.self_attention.linear_proj._extra_state/shard_14_80.pt,1,1200
MODEL,file,weights/module.decoder.layers.self_attention.linear_proj._extra_state/shard_34_80.pt,1,1200
MODEL,file,weights/module.decoder.layers.self_attention.linear_proj._extra_state/shard_23_80.pt,1,1200
MODEL,file,weights/module.decoder.layers.self_attention.linear_proj._extra_state/shard_68_80.pt,1,1200
MODEL,file,weights/module.decoder.layers.self_attention.linear_proj._extra_state/shard_48_80.pt,1,1200
MODEL,file,weights/module.decoder.layers.self_attention.linear_proj._extra_state/shard_39_80.pt,1,1200
MODEL,file,weights/module.decoder.layers.self_attention.linear_proj._extra_state/shard_12_80.pt,1,1200
MODEL,file,weights/module.decoder.layers.self_attention.linear_proj._extra_state/shard_26_80.pt,1,1200
MODEL,file,weights/module.decoder.layers.self_attention.linear_proj._extra_state/shard_31_80.pt,1,1200
MODEL,file,weights/module.decoder.layers.self_attention.linear_proj._extra_state/shard_35_80.pt,1,1200
MODEL,file,weights/module.decoder.layers.self_attention.linear_proj._extra_state/shard_42_80.pt,1,1200
MODEL,file,weights/module.decoder.layers.self_attention.linear_proj._extra_state/shard_32_80.pt,1,1200
MODEL,file,weights/module.decoder.layers.self_attention.linear_proj._extra_state/shard_59_80.pt,1,1200
MODEL,file,weights/module.decoder.layers.self_attention.linear_proj._extra_state/shard_1_80.pt,1,1195
MODEL,file,weights/module.decoder.layers.self_attention.linear_proj._extra_state/shard_70_80.pt,1,1200
MODEL,file,weights/module.decoder.layers.self_attention.linear_proj._extra_state/shard_73_80.pt,1,1200
MODEL,file,weights/module.decoder.layers.self_attention.linear_proj._extra_state/shard_7_80.pt,1,1195
MODEL,dir,weights/module.decoder.layers.self_attention.linear_proj._extra_state,80,95950
MODEL,file,weights/common.pt,1,2839
MODEL,file,weights/module.decoder.layers.mlp.linear_fc1.layer_norm_weight/44.0,1,16384
MODEL,file,weights/module.decoder.layers.mlp.linear_fc1.layer_norm_weight/69.0,1,16384
MODEL,file,weights/module.decoder.layers.mlp.linear_fc1.layer_norm_weight/13.0,1,16384
MODEL,file,weights/module.decoder.layers.mlp.linear_fc1.layer_norm_weight/47.0,1,16384
MODEL,file,weights/module.decoder.layers.mlp.linear_fc1.layer_norm_weight/70.0,1,16384
MODEL,file,weights/module.decoder.layers.mlp.linear_fc1.layer_norm_weight/53.0,1,16384
MODEL,file,weights/module.decoder.layers.mlp.linear_fc1.layer_norm_weight/40.0,1,16384
MODEL,file,weights/module.decoder.layers.mlp.linear_fc1.layer_norm_weight/17.0,1,16384
MODEL,file,weights/module.decoder.layers.mlp.linear_fc1.layer_norm_weight/31.0,1,16384
MODEL,file,weights/module.decoder.layers.mlp.linear_fc1.layer_norm_weight/37.0,1,16384
MODEL,file,weights/module.decoder.layers.mlp.linear_fc1.layer_norm_weight/54.0,1,16384
MODEL,file,weights/module.decoder.layers.mlp.linear_fc1.layer_norm_weight/27.0,1,16384
MODEL,file,weights/module.decoder.layers.mlp.linear_fc1.layer_norm_weight/11.0,1,16384
MODEL,file,weights/module.decoder.layers.mlp.linear_fc1.layer_norm_weight/20.0,1,16384
MODEL,file,weights/module.decoder.layers.mlp.linear_fc1.layer_norm_weight/10.0,1,16384
MODEL,file,weights/module.decoder.layers.mlp.linear_fc1.layer_norm_weight/51.0,1,16384
MODEL,file,weights/module.decoder.layers.mlp.linear_fc1.layer_norm_weight/22.0,1,16384
MODEL,file,weights/module.decoder.layers.mlp.linear_fc1.layer_norm_weight/41.0,1,16384
MODEL,file,weights/module.decoder.layers.mlp.linear_fc1.layer_norm_weight/57.0,1,16384
MODEL,file,weights/module.decoder.layers.mlp.linear_fc1.layer_norm_weight/73.0,1,16384
MODEL,file,weights/module.decoder.layers.mlp.linear_fc1.layer_norm_weight/9.0,1,16384
MODEL,file,weights/module.decoder.layers.mlp.linear_fc1.layer_norm_weight/6.0,1,16384
MODEL,file,weights/module.decoder.layers.mlp.linear_fc1.layer_norm_weight/66.0,1,16384
MODEL,file,weights/module.decoder.layers.mlp.linear_fc1.layer_norm_weight/46.0,1,16384
MODEL,file,weights/module.decoder.layers.mlp.linear_fc1.layer_norm_weight/0.0,1,16384
MODEL,file,weights/module.decoder.layers.mlp.linear_fc1.layer_norm_weight/35.0,1,16384
MODEL,file,weights/module.decoder.layers.mlp.linear_fc1.layer_norm_weight/75.0,1,16384
MODEL,file,weights/module.decoder.layers.mlp.linear_fc1.layer_norm_weight/77.0,1,16384
MODEL,file,weights/module.decoder.layers.mlp.linear_fc1.layer_norm_weight/60.0,1,16384
MODEL,file,weights/module.decoder.layers.mlp.linear_fc1.layer_norm_weight/34.0,1,16384
MODEL,file,weights/module.decoder.layers.mlp.linear_fc1.layer_norm_weight/25.0,1,16384
MODEL,file,weights/module.decoder.layers.mlp.linear_fc1.layer_norm_weight/1.0,1,16384
MODEL,file,weights/module.decoder.layers.mlp.linear_fc1.layer_norm_weight/38.0,1,16384
MODEL,file,weights/module.decoder.layers.mlp.linear_fc1.layer_norm_weight/72.0,1,16384
MODEL,file,weights/module.decoder.layers.mlp.linear_fc1.layer_norm_weight/65.0,1,16384
MODEL,file,weights/module.decoder.layers.mlp.linear_fc1.layer_norm_weight/18.0,1,16384
MODEL,file,weights/module.decoder.layers.mlp.linear_fc1.layer_norm_weight/42.0,1,16384
MODEL,file,weights/module.decoder.layers.mlp.linear_fc1.layer_norm_weight/58.0,1,16384
MODEL,file,weights/module.decoder.layers.mlp.linear_fc1.layer_norm_weight/7.0,1,16384
MODEL,file,weights/module.decoder.layers.mlp.linear_fc1.layer_norm_weight/12.0,1,16384
MODEL,file,weights/module.decoder.layers.mlp.linear_fc1.layer_norm_weight/49.0,1,16384
MODEL,file,weights/module.decoder.layers.mlp.linear_fc1.layer_norm_weight/64.0,1,16384
MODEL,file,weights/module.decoder.layers.mlp.linear_fc1.layer_norm_weight/63.0,1,16384
MODEL,file,weights/module.decoder.layers.mlp.linear_fc1.layer_norm_weight/59.0,1,16384
MODEL,file,weights/module.decoder.layers.mlp.linear_fc1.layer_norm_weight/3.0,1,16384
MODEL,file,weights/module.decoder.layers.mlp.linear_fc1.layer_norm_weight/5.0,1,16384
MODEL,file,weights/module.decoder.layers.mlp.linear_fc1.layer_norm_weight/71.0,1,16384
MODEL,file,weights/module.decoder.layers.mlp.linear_fc1.layer_norm_weight/39.0,1,16384
MODEL,file,weights/module.decoder.layers.mlp.linear_fc1.layer_norm_weight/76.0,1,16384
MODEL,file,weights/module.decoder.layers.mlp.linear_fc1.layer_norm_weight/14.0,1,16384
MODEL,file,weights/module.decoder.layers.mlp.linear_fc1.layer_norm_weight/24.0,1,16384
MODEL,file,weights/module.decoder.layers.mlp.linear_fc1.layer_norm_weight/4.0,1,16384
MODEL,file,weights/module.decoder.layers.mlp.linear_fc1.layer_norm_weight/29.0,1,16384
MODEL,file,weights/module.decoder.layers.mlp.linear_fc1.layer_norm_weight/48.0,1,16384
MODEL,file,weights/module.decoder.layers.mlp.linear_fc1.layer_norm_weight/67.0,1,16384
MODEL,file,weights/module.decoder.layers.mlp.linear_fc1.layer_norm_weight/68.0,1,16384
MODEL,file,weights/module.decoder.layers.mlp.linear_fc1.layer_norm_weight/79.0,1,16384
MODEL,file,weights/module.decoder.layers.mlp.linear_fc1.layer_norm_weight/19.0,1,16384
MODEL,file,weights/module.decoder.layers.mlp.linear_fc1.layer_norm_weight/15.0,1,16384
MODEL,file,weights/module.decoder.layers.mlp.linear_fc1.layer_norm_weight/52.0,1,16384
MODEL,file,weights/module.decoder.layers.mlp.linear_fc1.layer_norm_weight/56.0,1,16384
MODEL,file,weights/module.decoder.layers.mlp.linear_fc1.layer_norm_weight/21.0,1,16384
MODEL,file,weights/module.decoder.layers.mlp.linear_fc1.layer_norm_weight/74.0,1,16384
MODEL,file,weights/module.decoder.layers.mlp.linear_fc1.layer_norm_weight/36.0,1,16384
MODEL,file,weights/module.decoder.layers.mlp.linear_fc1.layer_norm_weight/33.0,1,16384
MODEL,file,weights/module.decoder.layers.mlp.linear_fc1.layer_norm_weight/78.0,1,16384
MODEL,file,weights/module.decoder.layers.mlp.linear_fc1.layer_norm_weight/45.0,1,16384
MODEL,file,weights/module.decoder.layers.mlp.linear_fc1.layer_norm_weight/28.0,1,16384
MODEL,file,weights/module.decoder.layers.mlp.linear_fc1.layer_norm_weight/62.0,1,16384
MODEL,file,weights/module.decoder.layers.mlp.linear_fc1.layer_norm_weight/30.0,1,16384
MODEL,file,weights/module.decoder.layers.mlp.linear_fc1.layer_norm_weight/2.0,1,16384
MODEL,file,weights/module.decoder.layers.mlp.linear_fc1.layer_norm_weight/50.0,1,16384
MODEL,file,weights/module.decoder.layers.mlp.linear_fc1.layer_norm_weight/32.0,1,16384
MODEL,file,weights/module.decoder.layers.mlp.linear_fc1.layer_norm_weight/8.0,1,16384
MODEL,file,weights/module.decoder.layers.mlp.linear_fc1.layer_norm_weight/43.0,1,16384
MODEL,file,weights/module.decoder.layers.mlp.linear_fc1.layer_norm_weight/16.0,1,16384
MODEL,file,weights/module.decoder.layers.mlp.linear_fc1.layer_norm_weight/55.0,1,16384
MODEL,file,weights/module.decoder.layers.mlp.linear_fc1.layer_norm_weight/26.0,1,16384
MODEL,file,weights/module.decoder.layers.mlp.linear_fc1.layer_norm_weight/61.0,1,16384
MODEL,file,weights/module.decoder.layers.mlp.linear_fc1.layer_norm_weight/23.0,1,16384
MODEL,dir,weights/module.decoder.layers.mlp.linear_fc1.layer_norm_weight,80,1310720
MODEL,file,weights/module.decoder.final_layernorm.weight/0,1,16384
MODEL,dir,weights/module.decoder.final_layernorm.weight,1,16384
MODEL,file,weights/module.decoder.final_layernorm._extra_state/shard_0_1.pt,1,1126
MODEL,dir,weights/module.decoder.final_layernorm._extra_state,1,1126
MODEL,file,weights/module.decoder.layers.mlp.linear_fc1.weight/53.0.0,1,469762048
MODEL,file,weights/module.decoder.layers.mlp.linear_fc1.weight/12.0.0,1,469762048
MODEL,file,weights/module.decoder.layers.mlp.linear_fc1.weight/78.0.0,1,469762048
MODEL,file,weights/module.decoder.layers.mlp.linear_fc1.weight/39.0.0,1,469762048
MODEL,file,weights/module.decoder.layers.mlp.linear_fc1.weight/50.0.0,1,469762048
MODEL,file,weights/module.decoder.layers.mlp.linear_fc1.weight/29.0.0,1,469762048
MODEL,file,weights/module.decoder.layers.mlp.linear_fc1.weight/72.1.0,1,469762048
MODEL,file,weights/module.decoder.layers.mlp.linear_fc1.weight/57.0.0,1,469762048
MODEL,file,weights/module.decoder.layers.mlp.linear_fc1.weight/14.1.0,1,469762048
MODEL,file,weights/module.decoder.layers.mlp.linear_fc1.weight/66.1.0,1,469762048
MODEL,file,weights/module.decoder.layers.mlp.linear_fc1.weight/7.1.0,1,469762048
MODEL,file,weights/module.decoder.layers.mlp.linear_fc1.weight/6.1.0,1,469762048
MODEL,file,weights/module.decoder.layers.mlp.linear_fc1.weight/78.1.0,1,469762048
MODEL,file,weights/module.decoder.layers.mlp.linear_fc1.weight/3.1.0,1,469762048
MODEL,file,weights/module.decoder.layers.mlp.linear_fc1.weight/46.0.0,1,469762048
MODEL,file,weights/module.decoder.layers.mlp.linear_fc1.weight/12.1.0,1,469762048
MODEL,file,weights/module.decoder.layers.mlp.linear_fc1.weight/70.1.0,1,469762048
MODEL,file,weights/module.decoder.layers.mlp.linear_fc1.weight/25.1.0,1,469762048
MODEL,file,weights/module.decoder.layers.mlp.linear_fc1.weight/15.0.0,1,469762048
MODEL,file,weights/module.decoder.layers.mlp.linear_fc1.weight/55.1.0,1,469762048
MODEL,file,weights/module.decoder.layers.mlp.linear_fc1.weight/72.0.0,1,469762048
MODEL,file,weights/module.decoder.layers.mlp.linear_fc1.weight/74.0.0,1,469762048
MODEL,file,weights/module.decoder.layers.mlp.linear_fc1.weight/16.0.0,1,469762048
MODEL,file,weights/module.decoder.layers.mlp.linear_fc1.weight/4.0.0,1,469762048
MODEL,file,weights/module.decoder.layers.mlp.linear_fc1.weight/67.1.0,1,469762048
MODEL,file,weights/module.decoder.layers.mlp.linear_fc1.weight/4.1.0,1,469762048
MODEL,file,weights/module.decoder.layers.mlp.linear_fc1.weight/58.0.0,1,469762048
MODEL,file,weights/module.decoder.layers.mlp.linear_fc1.weight/49.1.0,1,469762048
MODEL,file,weights/module.decoder.layers.mlp.linear_fc1.weight/38.0.0,1,469762048
MODEL,file,weights/module.decoder.layers.mlp.linear_fc1.weight/33.1.0,1,469762048
MODEL,file,weights/module.decoder.layers.mlp.linear_fc1.weight/13.1.0,1,469762048
MODEL,file,weights/module.decoder.layers.mlp.linear_fc1.weight/71.0.0,1,469762048
MODEL,file,weights/module.decoder.layers.mlp.linear_fc1.weight/0.0.0,1,469762048
MODEL,file,weights/module.decoder.layers.mlp.linear_fc1.weight/6.0.0,1,469762048
MODEL,file,weights/module.decoder.layers.mlp.linear_fc1.weight/23.0.0,1,469762048
MODEL,file,weights/module.decoder.layers.mlp.linear_fc1.weight/18.0.0,1,469762048
MODEL,file,weights/module.decoder.layers.mlp.linear_fc1.weight/41.1.0,1,469762048
MODEL,file,weights/module.decoder.layers.mlp.linear_fc1.weight/61.0.0,1,469762048
MODEL,file,weights/module.decoder.layers.mlp.linear_fc1.weight/76.1.0,1,469762048
MODEL,file,weights/module.decoder.layers.mlp.linear_fc1.weight/73.1.0,1,469762048
MODEL,file,weights/module.decoder.layers.mlp.linear_fc1.weight/27.0.0,1,469762048
MODEL,file,weights/module.decoder.layers.mlp.linear_fc1.weight/17.1.0,1,469762048
MODEL,file,weights/module.decoder.layers.mlp.linear_fc1.weight/38.1.0,1,469762048
MODEL,file,weights/module.decoder.layers.mlp.linear_fc1.weight/28.1.0,1,469762048
MODEL,file,weights/module.decoder.layers.mlp.linear_fc1.weight/56.0.0,1,469762048
MODEL,file,weights/module.decoder.layers.mlp.linear_fc1.weight/53.1.0,1,469762048
MODEL,file,weights/module.decoder.layers.mlp.linear_fc1.weight/45.0.0,1,469762048
MODEL,file,weights/module.decoder.layers.mlp.linear_fc1.weight/62.1.0,1,469762048
MODEL,file,weights/module.decoder.layers.mlp.linear_fc1.weight/68.0.0,1,469762048
MODEL,file,weights/module.decoder.layers.mlp.linear_fc1.weight/44.1.0,1,469762048
MODEL,file,weights/module.decoder.layers.mlp.linear_fc1.weight/31.0.0,1,469762048
MODEL,file,weights/module.decoder.layers.mlp.linear_fc1.weight/74.1.0,1,469762048
MODEL,file,weights/module.decoder.layers.mlp.linear_fc1.weight/42.1.0,1,469762048
MODEL,file,weights/module.decoder.layers.mlp.linear_fc1.weight/63.1.0,1,469762048
MODEL,file,weights/module.decoder.layers.mlp.linear_fc1.weight/70.0.0,1,469762048
MODEL,file,weights/module.decoder.layers.mlp.linear_fc1.weight/60.0.0,1,469762048
MODEL,file,weights/module.decoder.layers.mlp.linear_fc1.weight/14.0.0,1,469762048
MODEL,file,weights/module.decoder.layers.mlp.linear_fc1.weight/37.1.0,1,469762048
MODEL,file,weights/module.decoder.layers.mlp.linear_fc1.weight/48.0.0,1,469762048
MODEL,file,weights/module.decoder.layers.mlp.linear_fc1.weight/65.1.0,1,469762048
MODEL,file,weights/module.decoder.layers.mlp.linear_fc1.weight/75.0.0,1,469762048
MODEL,file,weights/module.decoder.layers.mlp.linear_fc1.weight/68.1.0,1,469762048
MODEL,file,weights/module.decoder.layers.mlp.linear_fc1.weight/26.1.0,1,469762048
MODEL,file,weights/module.decoder.layers.mlp.linear_fc1.weight/47.0.0,1,469762048
MODEL,file,weights/module.decoder.layers.mlp.linear_fc1.weight/31.1.0,1,469762048
MODEL,file,weights/module.decoder.layers.mlp.linear_fc1.weight/36.0.0,1,469762048
MODEL,file,weights/module.decoder.layers.mlp.linear_fc1.weight/52.1.0,1,469762048
MODEL,file,weights/module.decoder.layers.mlp.linear_fc1.weight/65.0.0,1,469762048
MODEL,file,weights/module.decoder.layers.mlp.linear_fc1.weight/11.0.0,1,469762048
MODEL,file,weights/module.decoder.layers.mlp.linear_fc1.weight/62.0.0,1,469762048
MODEL,file,weights/module.decoder.layers.mlp.linear_fc1.weight/9.0.0,1,469762048
MODEL,file,weights/module.decoder.layers.mlp.linear_fc1.weight/20.0.0,1,469762048
MODEL,file,weights/module.decoder.layers.mlp.linear_fc1.weight/9.1.0,1,469762048
MODEL,file,weights/module.decoder.layers.mlp.linear_fc1.weight/21.0.0,1,469762048
MODEL,file,weights/module.decoder.layers.mlp.linear_fc1.weight/35.1.0,1,469762048
MODEL,file,weights/module.decoder.layers.mlp.linear_fc1.weight/13.0.0,1,469762048
MODEL,file,weights/module.decoder.layers.mlp.linear_fc1.weight/1.1.0,1,469762048
MODEL,file,weights/module.decoder.layers.mlp.linear_fc1.weight/19.0.0,1,469762048
MODEL,file,weights/module.decoder.layers.mlp.linear_fc1.weight/73.0.0,1,469762048
MODEL,file,weights/module.decoder.layers.mlp.linear_fc1.weight/56.1.0,1,469762048
MODEL,file,weights/module.decoder.layers.mlp.linear_fc1.weight/26.0.0,1,469762048
MODEL,file,weights/module.decoder.layers.mlp.linear_fc1.weight/28.0.0,1,469762048
MODEL,file,weights/module.decoder.layers.mlp.linear_fc1.weight/40.1.0,1,469762048
MODEL,file,weights/module.decoder.layers.mlp.linear_fc1.weight/30.1.0,1,469762048
MODEL,file,weights/module.decoder.layers.mlp.linear_fc1.weight/22.0.0,1,469762048
MODEL,file,weights/module.decoder.layers.mlp.linear_fc1.weight/58.1.0,1,469762048
MODEL,file,weights/module.decoder.layers.mlp.linear_fc1.weight/48.1.0,1,469762048
MODEL,file,weights/module.decoder.layers.mlp.linear_fc1.weight/5.0.0,1,469762048
MODEL,file,weights/module.decoder.layers.mlp.linear_fc1.weight/32.0.0,1,469762048
MODEL,file,weights/module.decoder.layers.mlp.linear_fc1.weight/69.0.0,1,469762048
MODEL,file,weights/module.decoder.layers.mlp.linear_fc1.weight/40.0.0,1,469762048
MODEL,file,weights/module.decoder.layers.mlp.linear_fc1.weight/36.1.0,1,469762048
MODEL,file,weights/module.decoder.layers.mlp.linear_fc1.weight/50.1.0,1,469762048
MODEL,file,weights/module.decoder.layers.mlp.linear_fc1.weight/33.0.0,1,469762048
MODEL,file,weights/module.decoder.layers.mlp.linear_fc1.weight/8.1.0,1,469762048
MODEL,file,weights/module.decoder.layers.mlp.linear_fc1.weight/1.0.0,1,469762048
MODEL,file,weights/module.decoder.layers.mlp.linear_fc1.weight/77.0.0,1,469762048
MODEL,file,weights/module.decoder.layers.mlp.linear_fc1.weight/41.0.0,1,469762048
MODEL,file,weights/module.decoder.layers.mlp.linear_fc1.weight/2.0.0,1,469762048
MODEL,file,weights/module.decoder.layers.mlp.linear_fc1.weight/77.1.0,1,469762048
MODEL,file,weights/module.decoder.layers.mlp.linear_fc1.weight/20.1.0,1,469762048
MODEL,file,weights/module.decoder.layers.mlp.linear_fc1.weight/24.0.0,1,469762048
MODEL,file,weights/module.decoder.layers.mlp.linear_fc1.weight/17.0.0,1,469762048
MODEL,file,weights/module.decoder.layers.mlp.linear_fc1.weight/37.0.0,1,469762048
MODEL,file,weights/module.decoder.layers.mlp.linear_fc1.weight/51.0.0,1,469762048
MODEL,file,weights/module.decoder.layers.mlp.linear_fc1.weight/35.0.0,1,469762048
MODEL,file,weights/module.decoder.layers.mlp.linear_fc1.weight/79.0.0,1,469762048
MODEL,file,weights/module.decoder.layers.mlp.linear_fc1.weight/10.1.0,1,469762048
MODEL,file,weights/module.decoder.layers.mlp.linear_fc1.weight/51.1.0,1,469762048
MODEL,file,weights/module.decoder.layers.mlp.linear_fc1.weight/42.0.0,1,469762048
MODEL,file,weights/module.decoder.layers.mlp.linear_fc1.weight/11.1.0,1,469762048
MODEL,file,weights/module.decoder.layers.mlp.linear_fc1.weight/61.1.0,1,469762048
MODEL,file,weights/module.decoder.layers.mlp.linear_fc1.weight/30.0.0,1,469762048
MODEL,file,weights/module.decoder.layers.mlp.linear_fc1.weight/67.0.0,1,469762048
MODEL,file,weights/module.decoder.layers.mlp.linear_fc1.weight/19.1.0,1,469762048
MODEL,file,weights/module.decoder.layers.mlp.linear_fc1.weight/71.1.0,1,469762048
MODEL,file,weights/module.decoder.layers.mlp.linear_fc1.weight/69.1.0,1,469762048
MODEL,file,weights/module.decoder.layers.mlp.linear_fc1.weight/21.1.0,1,469762048
MODEL,file,weights/module.decoder.layers.mlp.linear_fc1.weight/47.1.0,1,469762048
MODEL,file,weights/module.decoder.layers.mlp.linear_fc1.weight/5.1.0,1,469762048
MODEL,file,weights/module.decoder.layers.mlp.linear_fc1.weight/52.0.0,1,469762048
MODEL,file,weights/module.decoder.layers.mlp.linear_fc1.weight/60.1.0,1,469762048
MODEL,file,weights/module.decoder.layers.mlp.linear_fc1.weight/66.0.0,1,469762048
MODEL,file,weights/module.decoder.layers.mlp.linear_fc1.weight/57.1.0,1,469762048
MODEL,file,weights/module.decoder.layers.mlp.linear_fc1.weight/43.0.0,1,469762048
MODEL,file,weights/module.decoder.layers.mlp.linear_fc1.weight/34.1.0,1,469762048
MODEL,file,weights/module.decoder.layers.mlp.linear_fc1.weight/2.1.0,1,469762048
MODEL,file,weights/module.decoder.layers.mlp.linear_fc1.weight/43.1.0,1,469762048
MODEL,file,weights/module.decoder.layers.mlp.linear_fc1.weight/25.0.0,1,469762048
MODEL,file,weights/module.decoder.layers.mlp.linear_fc1.weight/22.1.0,1,469762048
MODEL,file,weights/module.decoder.layers.mlp.linear_fc1.weight/32.1.0,1,469762048
MODEL,file,weights/module.decoder.layers.mlp.linear_fc1.weight/63.0.0,1,469762048
MODEL,file,weights/module.decoder.layers.mlp.linear_fc1.weight/45.1.0,1,469762048
MODEL,file,weights/module.decoder.layers.mlp.linear_fc1.weight/54.0.0,1,469762048
MODEL,file,weights/module.decoder.layers.mlp.linear_fc1.weight/24.1.0,1,469762048
MODEL,file,weights/module.decoder.layers.mlp.linear_fc1.weight/75.1.0,1,469762048
MODEL,file,weights/module.decoder.layers.mlp.linear_fc1.weight/16.1.0,1,469762048
MODEL,file,weights/module.decoder.layers.mlp.linear_fc1.weight/10.0.0,1,469762048
MODEL,file,weights/module.decoder.layers.mlp.linear_fc1.weight/34.0.0,1,469762048
MODEL,file,weights/module.decoder.layers.mlp.linear_fc1.weight/18.1.0,1,469762048
MODEL,file,weights/module.decoder.layers.mlp.linear_fc1.weight/59.1.0,1,469762048
MODEL,file,weights/module.decoder.layers.mlp.linear_fc1.weight/44.0.0,1,469762048
MODEL,file,weights/module.decoder.layers.mlp.linear_fc1.weight/39.1.0,1,469762048
MODEL,file,weights/module.decoder.layers.mlp.linear_fc1.weight/7.0.0,1,469762048
MODEL,file,weights/module.decoder.layers.mlp.linear_fc1.weight/23.1.0,1,469762048
MODEL,file,weights/module.decoder.layers.mlp.linear_fc1.weight/0.1.0,1,469762048
MODEL,file,weights/module.decoder.layers.mlp.linear_fc1.weight/46.1.0,1,469762048
MODEL,file,weights/module.decoder.layers.mlp.linear_fc1.weight/29.1.0,1,469762048
MODEL,file,weights/module.decoder.layers.mlp.linear_fc1.weight/3.0.0,1,469762048
MODEL,file,weights/module.decoder.layers.mlp.linear_fc1.weight/15.1.0,1,469762048
MODEL,file,weights/module.decoder.layers.mlp.linear_fc1.weight/8.0.0,1,469762048
MODEL,file,weights/module.decoder.layers.mlp.linear_fc1.weight/59.0.0,1,469762048
MODEL,file,weights/module.decoder.layers.mlp.linear_fc1.weight/49.0.0,1,469762048
MODEL,file,weights/module.decoder.layers.mlp.linear_fc1.weight/79.1.0,1,469762048
MODEL,file,weights/module.decoder.layers.mlp.linear_fc1.weight/55.0.0,1,469762048
MODEL,file,weights/module.decoder.layers.mlp.linear_fc1.weight/27.1.0,1,469762048
MODEL,file,weights/module.decoder.layers.mlp.linear_fc1.weight/54.1.0,1,469762048
MODEL,file,weights/module.decoder.layers.mlp.linear_fc1.weight/64.1.0,1,469762048
MODEL,file,weights/module.decoder.layers.mlp.linear_fc1.weight/64.0.0,1,469762048
MODEL,file,weights/module.decoder.layers.mlp.linear_fc1.weight/76.0.0,1,469762048
MODEL,dir,weights/module.decoder.layers.mlp.linear_fc1.weight,160,75161927680
MODEL,file,weights/module.embedding.word_embeddings.weight/0.0,1,524288000
MODEL,dir,weights/module.embedding.word_embeddings.weight,1,524288000
MODEL,file,weights/module.decoder.layers.self_attention.linear_proj.weight/53.0.0,1,134217728
MODEL,file,weights/module.decoder.layers.self_attention.linear_proj.weight/12.0.0,1,134217728
MODEL,file,weights/module.decoder.layers.self_attention.linear_proj.weight/78.0.0,1,134217728
MODEL,file,weights/module.decoder.layers.self_attention.linear_proj.weight/39.0.0,1,134217728
MODEL,file,weights/module.decoder.layers.self_attention.linear_proj.weight/50.0.0,1,134217728
MODEL,file,weights/module.decoder.layers.self_attention.linear_proj.weight/29.0.0,1,134217728
MODEL,file,weights/module.decoder.layers.self_attention.linear_proj.weight/57.0.0,1,134217728
MODEL,file,weights/module.decoder.layers.self_attention.linear_proj.weight/46.0.0,1,134217728
MODEL,file,weights/module.decoder.layers.self_attention.linear_proj.weight/15.0.0,1,134217728
MODEL,file,weights/module.decoder.layers.self_attention.linear_proj.weight/72.0.0,1,134217728
MODEL,file,weights/module.decoder.layers.self_attention.linear_proj.weight/74.0.0,1,134217728
MODEL,file,weights/module.decoder.layers.self_attention.linear_proj.weight/16.0.0,1,134217728
MODEL,file,weights/module.decoder.layers.self_attention.linear_proj.weight/4.0.0,1,134217728
MODEL,file,weights/module.decoder.layers.self_attention.linear_proj.weight/58.0.0,1,134217728
MODEL,file,weights/module.decoder.layers.self_attention.linear_proj.weight/38.0.0,1,134217728
MODEL,file,weights/module.decoder.layers.self_attention.linear_proj.weight/71.0.0,1,134217728
MODEL,file,weights/module.decoder.layers.self_attention.linear_proj.weight/0.0.0,1,134217728
MODEL,file,weights/module.decoder.layers.self_attention.linear_proj.weight/6.0.0,1,134217728
MODEL,file,weights/module.decoder.layers.self_attention.linear_proj.weight/23.0.0,1,134217728
MODEL,file,weights/module.decoder.layers.self_attention.linear_proj.weight/18.0.0,1,134217728
MODEL,file,weights/module.decoder.layers.self_attention.linear_proj.weight/61.0.0,1,134217728
MODEL,file,weights/module.decoder.layers.self_attention.linear_proj.weight/27.0.0,1,134217728
MODEL,file,weights/module.decoder.layers.self_attention.linear_proj.weight/56.0.0,1,134217728
MODEL,file,weights/module.decoder.layers.self_attention.linear_proj.weight/45.0.0,1,134217728
MODEL,file,weights/module.decoder.layers.self_attention.linear_proj.weight/68.0.0,1,134217728
MODEL,file,weights/module.decoder.layers.self_attention.linear_proj.weight/31.0.0,1,134217728
MODEL,file,weights/module.decoder.layers.self_attention.linear_proj.weight/70.0.0,1,134217728
MODEL,file,weights/module.decoder.layers.self_attention.linear_proj.weight/60.0.0,1,134217728
MODEL,file,weights/module.decoder.layers.self_attention.linear_proj.weight/14.0.0,1,134217728
MODEL,file,weights/module.decoder.layers.self_attention.linear_proj.weight/48.0.0,1,134217728
MODEL,file,weights/module.decoder.layers.self_attention.linear_proj.weight/75.0.0,1,134217728
MODEL,file,weights/module.decoder.layers.self_attention.linear_proj.weight/47.0.0,1,134217728
MODEL,file,weights/module.decoder.layers.self_attention.linear_proj.weight/36.0.0,1,134217728
MODEL,file,weights/module.decoder.layers.self_attention.linear_proj.weight/65.0.0,1,134217728
MODEL,file,weights/module.decoder.layers.self_attention.linear_proj.weight/11.0.0,1,134217728
MODEL,file,weights/module.decoder.layers.self_attention.linear_proj.weight/62.0.0,1,134217728
MODEL,file,weights/module.decoder.layers.self_attention.linear_proj.weight/9.0.0,1,134217728
MODEL,file,weights/module.decoder.layers.self_attention.linear_proj.weight/20.0.0,1,134217728
MODEL,file,weights/module.decoder.layers.self_attention.linear_proj.weight/21.0.0,1,134217728
MODEL,file,weights/module.decoder.layers.self_attention.linear_proj.weight/13.0.0,1,134217728
MODEL,file,weights/module.decoder.layers.self_attention.linear_proj.weight/19.0.0,1,134217728
MODEL,file,weights/module.decoder.layers.self_attention.linear_proj.weight/73.0.0,1,134217728
MODEL,file,weights/module.decoder.layers.self_attention.linear_proj.weight/26.0.0,1,134217728
MODEL,file,weights/module.decoder.layers.self_attention.linear_proj.weight/28.0.0,1,134217728
MODEL,file,weights/module.decoder.layers.self_attention.linear_proj.weight/22.0.0,1,134217728
MODEL,file,weights/module.decoder.layers.self_attention.linear_proj.weight/5.0.0,1,134217728
MODEL,file,weights/module.decoder.layers.self_attention.linear_proj.weight/32.0.0,1,134217728
MODEL,file,weights/module.decoder.layers.self_attention.linear_proj.weight/69.0.0,1,134217728
MODEL,file,weights/module.decoder.layers.self_attention.linear_proj.weight/40.0.0,1,134217728
MODEL,file,weights/module.decoder.layers.self_attention.linear_proj.weight/33.0.0,1,134217728
MODEL,file,weights/module.decoder.layers.self_attention.linear_proj.weight/1.0.0,1,134217728
MODEL,file,weights/module.decoder.layers.self_attention.linear_proj.weight/77.0.0,1,134217728
MODEL,file,weights/module.decoder.layers.self_attention.linear_proj.weight/41.0.0,1,134217728
MODEL,file,weights/module.decoder.layers.self_attention.linear_proj.weight/2.0.0,1,134217728
MODEL,file,weights/module.decoder.layers.self_attention.linear_proj.weight/24.0.0,1,134217728
MODEL,file,weights/module.decoder.layers.self_attention.linear_proj.weight/17.0.0,1,134217728
MODEL,file,weights/module.decoder.layers.self_attention.linear_proj.weight/37.0.0,1,134217728
MODEL,file,weights/module.decoder.layers.self_attention.linear_proj.weight/51.0.0,1,134217728
MODEL,file,weights/module.decoder.layers.self_attention.linear_proj.weight/35.0.0,1,134217728
MODEL,file,weights/module.decoder.layers.self_attention.linear_proj.weight/79.0.0,1,134217728
MODEL,file,weights/module.decoder.layers.self_attention.linear_proj.weight/42.0.0,1,134217728
MODEL,file,weights/module.decoder.layers.self_attention.linear_proj.weight/30.0.0,1,134217728
MODEL,file,weights/module.decoder.layers.self_attention.linear_proj.weight/67.0.0,1,134217728
MODEL,file,weights/module.decoder.layers.self_attention.linear_proj.weight/52.0.0,1,134217728
MODEL,file,weights/module.decoder.layers.self_attention.linear_proj.weight/66.0.0,1,134217728
MODEL,file,weights/module.decoder.layers.self_attention.linear_proj.weight/43.0.0,1,134217728
MODEL,file,weights/module.decoder.layers.self_attention.linear_proj.weight/25.0.0,1,134217728
MODEL,file,weights/module.decoder.layers.self_attention.linear_proj.weight/63.0.0,1,134217728
MODEL,file,weights/module.decoder.layers.self_attention.linear_proj.weight/54.0.0,1,134217728
MODEL,file,weights/module.decoder.layers.self_attention.linear_proj.weight/10.0.0,1,134217728
MODEL,file,weights/module.decoder.layers.self_attention.linear_proj.weight/34.0.0,1,134217728
MODEL,file,weights/module.decoder.layers.self_attention.linear_proj.weight/44.0.0,1,134217728
MODEL,file,weights/module.decoder.layers.self_attention.linear_proj.weight/7.0.0,1,134217728
MODEL,file,weights/module.decoder.layers.self_attention.linear_proj.weight/3.0.0,1,134217728
MODEL,file,weights/module.decoder.layers.self_attention.linear_proj.weight/8.0.0,1,134217728
MODEL,file,weights/module.decoder.layers.self_attention.linear_proj.weight/59.0.0,1,134217728
MODEL,file,weights/module.decoder.layers.self_attention.linear_proj.weight/49.0.0,1,134217728
MODEL,file,weights/module.decoder.layers.self_attention.linear_proj.weight/55.0.0,1,134217728
MODEL,file,weights/module.decoder.layers.self_attention.linear_proj.weight/64.0.0,1,134217728
MODEL,file,weights/module.decoder.layers.self_attention.linear_proj.weight/76.0.0,1,134217728
MODEL,dir,weights/module.decoder.layers.self_attention.linear_proj.weight,80,10737418240
MODEL,file,weights/module.output_layer.weight/0.0,1,524288000
MODEL,dir,weights/module.output_layer.weight,1,524288000
MODEL,file,weights/module.decoder.layers.self_attention.linear_qkv.weight/53.0.0,1,167772160
MODEL,file,weights/module.decoder.layers.self_attention.linear_qkv.weight/12.0.0,1,167772160
MODEL,file,weights/module.decoder.layers.self_attention.linear_qkv.weight/78.0.0,1,167772160
MODEL,file,weights/module.decoder.layers.self_attention.linear_qkv.weight/39.0.0,1,167772160
MODEL,file,weights/module.decoder.layers.self_attention.linear_qkv.weight/50.0.0,1,167772160
MODEL,file,weights/module.decoder.layers.self_attention.linear_qkv.weight/29.0.0,1,167772160
MODEL,file,weights/module.decoder.layers.self_attention.linear_qkv.weight/57.0.0,1,167772160
MODEL,file,weights/module.decoder.layers.self_attention.linear_qkv.weight/46.0.0,1,167772160
MODEL,file,weights/module.decoder.layers.self_attention.linear_qkv.weight/15.0.0,1,167772160
MODEL,file,weights/module.decoder.layers.self_attention.linear_qkv.weight/72.0.0,1,167772160
MODEL,file,weights/module.decoder.layers.self_attention.linear_qkv.weight/74.0.0,1,167772160
MODEL,file,weights/module.decoder.layers.self_attention.linear_qkv.weight/16.0.0,1,167772160
MODEL,file,weights/module.decoder.layers.self_attention.linear_qkv.weight/4.0.0,1,167772160
MODEL,file,weights/module.decoder.layers.self_attention.linear_qkv.weight/58.0.0,1,167772160
MODEL,file,weights/module.decoder.layers.self_attention.linear_qkv.weight/38.0.0,1,167772160
MODEL,file,weights/module.decoder.layers.self_attention.linear_qkv.weight/71.0.0,1,167772160
MODEL,file,weights/module.decoder.layers.self_attention.linear_qkv.weight/0.0.0,1,167772160
MODEL,file,weights/module.decoder.layers.self_attention.linear_qkv.weight/6.0.0,1,167772160
MODEL,file,weights/module.decoder.layers.self_attention.linear_qkv.weight/23.0.0,1,167772160
MODEL,file,weights/module.decoder.layers.self_attention.linear_qkv.weight/18.0.0,1,167772160
MODEL,file,weights/module.decoder.layers.self_attention.linear_qkv.weight/61.0.0,1,167772160
MODEL,file,weights/module.decoder.layers.self_attention.linear_qkv.weight/27.0.0,1,167772160
MODEL,file,weights/module.decoder.layers.self_attention.linear_qkv.weight/56.0.0,1,167772160
MODEL,file,weights/module.decoder.layers.self_attention.linear_qkv.weight/45.0.0,1,167772160
MODEL,file,weights/module.decoder.layers.self_attention.linear_qkv.weight/68.0.0,1,167772160
MODEL,file,weights/module.decoder.layers.self_attention.linear_qkv.weight/31.0.0,1,167772160
MODEL,file,weights/module.decoder.layers.self_attention.linear_qkv.weight/70.0.0,1,167772160
MODEL,file,weights/module.decoder.layers.self_attention.linear_qkv.weight/60.0.0,1,167772160
MODEL,file,weights/module.decoder.layers.self_attention.linear_qkv.weight/14.0.0,1,167772160
MODEL,file,weights/module.decoder.layers.self_attention.linear_qkv.weight/48.0.0,1,167772160
MODEL,file,weights/module.decoder.layers.self_attention.linear_qkv.weight/75.0.0,1,167772160
MODEL,file,weights/module.decoder.layers.self_attention.linear_qkv.weight/47.0.0,1,167772160
MODEL,file,weights/module.decoder.layers.self_attention.linear_qkv.weight/36.0.0,1,167772160
MODEL,file,weights/module.decoder.layers.self_attention.linear_qkv.weight/65.0.0,1,167772160
MODEL,file,weights/module.decoder.layers.self_attention.linear_qkv.weight/11.0.0,1,167772160
MODEL,file,weights/module.decoder.layers.self_attention.linear_qkv.weight/62.0.0,1,167772160
MODEL,file,weights/module.decoder.layers.self_attention.linear_qkv.weight/9.0.0,1,167772160
MODEL,file,weights/module.decoder.layers.self_attention.linear_qkv.weight/20.0.0,1,167772160
MODEL,file,weights/module.decoder.layers.self_attention.linear_qkv.weight/21.0.0,1,167772160
MODEL,file,weights/module.decoder.layers.self_attention.linear_qkv.weight/13.0.0,1,167772160
MODEL,file,weights/module.decoder.layers.self_attention.linear_qkv.weight/19.0.0,1,167772160
MODEL,file,weights/module.decoder.layers.self_attention.linear_qkv.weight/73.0.0,1,167772160
MODEL,file,weights/module.decoder.layers.self_attention.linear_qkv.weight/26.0.0,1,167772160
MODEL,file,weights/module.decoder.layers.self_attention.linear_qkv.weight/28.0.0,1,167772160
MODEL,file,weights/module.decoder.layers.self_attention.linear_qkv.weight/22.0.0,1,167772160
MODEL,file,weights/module.decoder.layers.self_attention.linear_qkv.weight/5.0.0,1,167772160
MODEL,file,weights/module.decoder.layers.self_attention.linear_qkv.weight/32.0.0,1,167772160
MODEL,file,weights/module.decoder.layers.self_attention.linear_qkv.weight/69.0.0,1,167772160
MODEL,file,weights/module.decoder.layers.self_attention.linear_qkv.weight/40.0.0,1,167772160
MODEL,file,weights/module.decoder.layers.self_attention.linear_qkv.weight/33.0.0,1,167772160
MODEL,file,weights/module.decoder.layers.self_attention.linear_qkv.weight/1.0.0,1,167772160
MODEL,file,weights/module.decoder.layers.self_attention.linear_qkv.weight/77.0.0,1,167772160
MODEL,file,weights/module.decoder.layers.self_attention.linear_qkv.weight/41.0.0,1,167772160
MODEL,file,weights/module.decoder.layers.self_attention.linear_qkv.weight/2.0.0,1,167772160
MODEL,file,weights/module.decoder.layers.self_attention.linear_qkv.weight/24.0.0,1,167772160
MODEL,file,weights/module.decoder.layers.self_attention.linear_qkv.weight/17.0.0,1,167772160
MODEL,file,weights/module.decoder.layers.self_attention.linear_qkv.weight/37.0.0,1,167772160
MODEL,file,weights/module.decoder.layers.self_attention.linear_qkv.weight/51.0.0,1,167772160
MODEL,file,weights/module.decoder.layers.self_attention.linear_qkv.weight/35.0.0,1,167772160
MODEL,file,weights/module.decoder.layers.self_attention.linear_qkv.weight/79.0.0,1,167772160
MODEL,file,weights/module.decoder.layers.self_attention.linear_qkv.weight/42.0.0,1,167772160
MODEL,file,weights/module.decoder.layers.self_attention.linear_qkv.weight/30.0.0,1,167772160
MODEL,file,weights/module.decoder.layers.self_attention.linear_qkv.weight/67.0.0,1,167772160
MODEL,file,weights/module.decoder.layers.self_attention.linear_qkv.weight/52.0.0,1,167772160
MODEL,file,weights/module.decoder.layers.self_attention.linear_qkv.weight/66.0.0,1,167772160
MODEL,file,weights/module.decoder.layers.self_attention.linear_qkv.weight/43.0.0,1,167772160
MODEL,file,weights/module.decoder.layers.self_attention.linear_qkv.weight/25.0.0,1,167772160
MODEL,file,weights/module.decoder.layers.self_attention.linear_qkv.weight/63.0.0,1,167772160
MODEL,file,weights/module.decoder.layers.self_attention.linear_qkv.weight/54.0.0,1,167772160
MODEL,file,weights/module.decoder.layers.self_attention.linear_qkv.weight/10.0.0,1,167772160
MODEL,file,weights/module.decoder.layers.self_attention.linear_qkv.weight/34.0.0,1,167772160
MODEL,file,weights/module.decoder.layers.self_attention.linear_qkv.weight/44.0.0,1,167772160
MODEL,file,weights/module.decoder.layers.self_attention.linear_qkv.weight/7.0.0,1,167772160
MODEL,file,weights/module.decoder.layers.self_attention.linear_qkv.weight/3.0.0,1,167772160
MODEL,file,weights/module.decoder.layers.self_attention.linear_qkv.weight/8.0.0,1,167772160
MODEL,file,weights/module.decoder.layers.self_attention.linear_qkv.weight/59.0.0,1,167772160
MODEL,file,weights/module.decoder.layers.self_attention.linear_qkv.weight/49.0.0,1,167772160
MODEL,file,weights/module.decoder.layers.self_attention.linear_qkv.weight/55.0.0,1,167772160
MODEL,file,weights/module.decoder.layers.self_attention.linear_qkv.weight/64.0.0,1,167772160
MODEL,file,weights/module.decoder.layers.self_attention.linear_qkv.weight/76.0.0,1,167772160
MODEL,dir,weights/module.decoder.layers.self_attention.linear_qkv.weight,80,13421772800
MODEL,dir,weights,966,137953780212
MODEL,dir,.,972,137957928277
